<dict>    <!--    <rdar://6449439> layout77.xml    -->
    <key>LayoutID</key>
    <integer>77</integer>
    <key>PathMapRef</key>
    <array>
		<dict>
			<key>CodecID</key>
			<array>
				<integer>269697542</integer>	<!--	0x10134206 CS4206	-->
			</array>
			<key>ExtMic</key>
			<dict>
				<key>HeadsetMic_dBV</key> 		<!--	<rdar://6741509>	-->
                <integer>1088421888</integer>   <!--	<rdar://6741509>	equivalent to +7.0dB -->
                <key>MuteGPIO</key>
                <integer>262144</integer>
			</dict>
			<key>Headphone</key>
			<dict>
				<key>AmpPostDelay</key>
				<integer>50</integer>
				<key>AmpPreDelay</key>
				<integer>100</integer>
				<key>Headset_dBV</key> 			<!--	<rdar://6738474>	-->
                <integer>3239051264</integer>   <!--	<rdar://6738474>	equivalent to -9.0dB -->
				<key>IOMux</key>				<!--	<rdar://6576237>	-->
				<integer>0</integer>
                <key>MuteGPIO</key>
                <integer>16777217</integer>		<!--	<rdar://6576237>	-->
			</dict>
			<key>Inputs</key>
			<array>
				<string>ExtMic</string>
                <string>LineIn</string>
                <string>Mic</string>
			</array>
			<key>IntSpeaker</key>
			<dict><key>AmpPostDelay</key>
                <integer>100</integer>
                <key>AmpPreDelay</key>
                <integer>100</integer>
				<key>MaximumBootBeepValue</key>
				<integer>87</integer>
				<key>MuteGPIO</key>
                <integer>3</integer>
				<key>SignalProcessing</key>
				<dict>
					<key>SoftwareDSP</key>
					<dict>
						<key>DspFunction0</key>
						<dict>
							<key>FunctionInfo</key>
							<dict>
								<key>DspFuncName</key>
								<string>DspEqualization32</string>
								<key>DspFuncInstance</key>
								<integer>0</integer>
								<key>DspFuncProcessingIndex</key>
								<integer>0</integer>
							</dict>
							<key>ParameterInfo</key>
							<dict>
								<key>1</key>
								<integer>0</integer>
								<key>9</key>
								<integer>0</integer>
								<key>Filter</key>
								<array>
									<dict>
										<key>2</key>
										<integer>0</integer>
										<key>3</key>
										<integer>0</integer>
										<key>4</key>
										<integer>0</integer>
										<key>5</key>
										<integer>1</integer>
										<key>6</key>
										<integer>1125177511</integer>
										<key>7</key>
										<integer>1060439283</integer>
										<key>8</key>
										<integer>-1069504319</integer>
									</dict>
									<dict>
										<key>2</key>
										<integer>0</integer>
										<key>3</key>
										<integer>1</integer>
										<key>4</key>
										<integer>0</integer>
										<key>5</key>
										<integer>1</integer>
										<key>6</key>
										<integer>1125888571</integer>
										<key>7</key>
										<integer>1060439283</integer>
										<key>8</key>
										<integer>-1069504319</integer>
									</dict>
									<dict>
										<key>2</key>
										<integer>1</integer>
										<key>3</key>
										<integer>0</integer>
										<key>4</key>
										<integer>0</integer>
										<key>5</key>
										<integer>1</integer>
										<key>6</key>
										<integer>1125177511</integer>
										<key>7</key>
										<integer>1060439283</integer>
										<key>8</key>
										<integer>-1069504319</integer>
									</dict>
									<dict>
										<key>2</key>
										<integer>1</integer>
										<key>3</key>
										<integer>1</integer>
										<key>4</key>
										<integer>0</integer>
										<key>5</key>
										<integer>1</integer>
										<key>6</key>
										<integer>1125888571</integer>
										<key>7</key>
										<integer>1060439283</integer>
										<key>8</key>
										<integer>-1069504319</integer>
									</dict>
								</array>
							</dict>
							<key>PatchbayInfo</key>
							<dict>
							</dict>
						</dict>
						<key>DspFunction1</key>
						<dict>
							<key>FunctionInfo</key>
							<dict>
								<key>DspFuncName</key>
								<string>DspVirtualization</string>
								<key>DspFuncInstance</key>
								<integer>1</integer>
								<key>DspFuncProcessingIndex</key>
								<integer>1</integer>
							</dict>
							<key>ParameterInfo</key>
							<dict>
								<key>9</key>
								<integer>0</integer>
								<key>30</key>
								<integer>-1048560580</integer>
								<key>35</key>
								<integer>4</integer>
								<key>5</key>
								<integer>-1071891397</integer>
								<key>8</key>
								<integer>0</integer>
								<key>29</key>
								<integer>0</integer>
								<key>40</key>
								<integer>0</integer>
								<key>28</key>
								<integer>1060875180</integer>
								<key>12</key>
								<integer>-1058259907</integer>
								<key>37</key>
								<integer>0</integer>
								<key>6</key>
								<integer>0</integer>
								<key>17</key>
								<integer>5</integer>
								<key>1</key>
								<integer>0</integer>
								<key>25</key>
								<integer>4261</integer>
								<key>16</key>
								<integer>-1045106447</integer>
								<key>34</key>
								<integer>1008113306</integer>
								<key>2</key>
								<integer>-1082130432</integer>
								<key>19</key>
								<integer>418</integer>
								<key>27</key>
								<integer>151</integer>
								<key>38</key>
								<integer>159</integer>
								<key>15</key>
								<integer>210</integer>
								<key>41</key>
								<integer>1022423360</integer>
								<key>24</key>
								<integer>-1045969980</integer>
								<key>3</key>
								<integer>-1094466626</integer>
								<key>43</key>
								<data>gK+5vM0qUbycOnA8mQAlPClp7DviOqs6
									  YAfAvK6Tn7zgFJQ8MmFOPaqiTT077s68
									  p304vY8kBrxtJmw8ODoJPWMljL3TmCg9
									  gidjPXwzSb2MPgE+THttvkGumT0fF1U/
									  rnGZPdh+bb50LgE+4IxIvfMJZD33tCg9
									  L4eMvWPyBz0oL2w8fPz6u0ilNr3HIdC8
									  FKVMPds8TD1AIZY8NL+ivCPRv7yUyfY6
									  npbhO6L7Pjy45To84ylFvBBGxrzU+cC8
									  3akivMvP/zv2mNE7+BkDPKccHjz1syc7
									  Ig60u/sbU7yv/mO6p/QNPCPgIbv+qoG6
									  xJ8pO54qNLrUpQ86rIBPugAAAAAAAAAA
									  AAAAAAAAAAAAAAAAAAAAAAAAAAAAAAAA
									  AAAAAAAAAAAAAAAAAAAAAAAAAAAAAAAA
									  AAAAAAAAAAAAAAAAAAAAAAAAAAAAAAAA
									  AAAAAAAAAAAAAAAAAAAAAAAAAAAAAAAA
									  AAAAAAAAAAAAAAAAAAAAAAAAAAAAAAAA
									  AAAAAAAAAAAAAAAAAAAAAAAAAAAAAAAA
									  AAAAAAAAAAAAAAAAAAAAAAAAAAAAAAAA
									  AAAAAAAAAAAAAAAAAAAAAAAAAAAAAAAA
									  AAAAAAAAAAAAAAAAAAAAAAAAAAAAAAAA
									  AAAAAAAAAAAAAAAAAAAAAAAAAAAAAAAA
									  AAAAAAAAAACJYA28PPgWvDwAnrseoR07
									  M03DO/5Axzto+FM77dnYuxa3L7ywSek6
									  ALuXPPtJmjxXtda7DVTJvBTncLwnXvq6
									  P8pWuHLLYbxhyRE8s4s3PVFeGT0xSUI9
									  cleYPEohqz2Zgo4+0IJOPqNQ+TzYHkc9
									  3wFzPSvLcz07Ej49OJIMPdFMjD1vYl49
									  jjD1POcHhTyiHj48AT4iPQUNVj3wLkE9
									  H3LvPJnDcjwBU6Y8rymSPPmlZDzvkFk8
									  C9CvO4NmTLsuURq8ckANvMk6DLtmhMk6
									  z/2BO856pzsbqxw774kUuzi7vbsBqW+7
									  TpGcOjsGxjozNxg62OxYOvhz3bipvpe6
									  uOJvuxTKWbtp8vy62HoROyXdvDtZW8Y7
									  0wwzO+16/Lowd3e74g1pu0KExLi4q8U7
									  ldurO86SjLulBWG8pQ0ivJ3u1js8Wl08
									  B9EaPDWqdzuFQgA8h4JePOB2BbzZZlm8
									  1k/8u3SWWbwPra06q+ilvWXJNr6/AtO9
									  7C0SvSeaRL2320C9Ct5Dvbi7Dr3pJiC9
									  6Lpevdf3J73PMfS8R/KRvCSpkrw+awS9
									  o3wSvWONB7057Iq82VzVuiK8MLvxm4C7
									  WtOmu0f1qrsvlZY5UzynO7y85TvHO607
									  /K/sOib+RrqK0G27AQGXu3kw5bqG7S87
									  ILybO+jVEjstCQW6WMvJuYCvubzNKlG8
									  nDpwPJkAJTwpaew74jqrOmAHwLyuk5+8
									  4BSUPDJhTj2qok09O+7OvKd9OL2PJAa8
									  bSZsPDg6CT1jJYy905goPYInYz18M0m9
									  jD4BPkx7bb5Brpk9HxdVP65xmT3Yfm2+
									  dC4BPuCMSL3zCWQ997QoPS+HjL1j8gc9
									  KC9sPHz8+rtIpTa9xyHQvBSlTD3bPEw9
									  QCGWPDS/orwj0b+8lMn2Op6W4Tui+z48
									  uOU6POMpRbwQRsa81PnAvN2pIrzLz/87
									  9pjRO/gZAzynHB489bMnOyIOtLv7G1O8
									  r/5juqf0DTwj4CG7/qqBusSfKTueKjS6
									  1KUPOqyAT7o=
								</data>
								<key>22</key>
								<integer>1671</integer>
								<key>33</key>
								<integer>-1061714040</integer>
								<key>7</key>
								<integer>0</integer>
								<key>31</key>
								<integer>982552730</integer>
								<key>42</key>
								<integer>0</integer>
								<key>21</key>
								<integer>3</integer>
								<key>26</key>
								<integer>9577</integer>
								<key>18</key>
								<integer>182</integer>
								<key>20</key>
								<integer>-1046401747</integer>
								<key>10</key>
								<integer>0</integer>
								<key>32</key>
								<integer>16</integer>
								<key>14</key>
								<integer>15</integer>
								<key>36</key>
								<integer>0</integer>
								<key>4</key>
								<integer>-1085584568</integer>
								<key>13</key>
								<integer>-1038976903</integer>
								<key>11</key>
								<integer>1</integer>
								<key>23</key>
								<integer>4143</integer>
								<key>39</key>
								<integer>1</integer>
							</dict>
							<key>PatchbayInfo</key>
							<dict>
								<key>InputPort0</key>
								<dict>
									<key>PortInstance</key>
									<integer>0</integer>
									<key>PortWidth</key>
									<integer>1</integer>
									<key>SourceFuncInstance</key>
									<integer>0</integer>
									<key>SourcePortIndex</key>
									<integer>0</integer>
								</dict>
								<key>InputPort1</key>
								<dict>
									<key>PortInstance</key>
									<integer>1</integer>
									<key>PortWidth</key>
									<integer>1</integer>
									<key>SourceFuncInstance</key>
									<integer>0</integer>
									<key>SourcePortIndex</key>
									<integer>1</integer>
								</dict>
							</dict>
						</dict>
						<key>DspFunction2</key>
						<dict>
							<key>FunctionInfo</key>
							<dict>
								<key>DspFuncName</key>
								<string>DspEqualization32</string>
								<key>DspFuncInstance</key>
								<integer>2</integer>
								<key>DspFuncProcessingIndex</key>
								<integer>2</integer>
							</dict>
							<key>ParameterInfo</key>
							<dict>
								<key>1</key>
								<integer>0</integer>
								<key>9</key>
								<integer>0</integer>
								<key>Filter</key>
								<array>
									<dict>
										<key>2</key>
										<integer>2</integer>
										<key>3</key>
										<integer>0</integer>
										<key>4</key>
										<integer>0</integer>
										<key>5</key>
										<integer>1</integer>
										<key>6</key>
										<integer>1122862593</integer>
										<key>7</key>
										<integer>1060721534</integer>
										<key>8</key>
										<integer>-1070360939</integer>
									</dict>
									<dict>
										<key>2</key>
										<integer>2</integer>
										<key>3</key>
										<integer>1</integer>
										<key>4</key>
										<integer>0</integer>
										<key>5</key>
										<integer>1</integer>
										<key>6</key>
										<integer>1122003154</integer>
										<key>7</key>
										<integer>1060439283</integer>
										<key>8</key>
										<integer>-1069504319</integer>
									</dict>
									<dict>
										<key>2</key>
										<integer>2</integer>
										<key>3</key>
										<integer>2</integer>
										<key>4</key>
										<integer>0</integer>
										<key>5</key>
										<integer>4</integer>
										<key>6</key>
										<integer>1134987538</integer>
										<key>7</key>
										<integer>1087182661</integer>
										<key>8</key>
										<integer>-1079304561</integer>
									</dict>
									<dict>
										<key>2</key>
										<integer>2</integer>
										<key>3</key>
										<integer>3</integer>
										<key>4</key>
										<integer>0</integer>
										<key>5</key>
										<integer>4</integer>
										<key>6</key>
										<integer>1138470750</integer>
										<key>7</key>
										<integer>1086838361</integer>
										<key>8</key>
										<integer>-1062393839</integer>
									</dict>
									<dict>
										<key>2</key>
										<integer>2</integer>
										<key>3</key>
										<integer>4</integer>
										<key>4</key>
										<integer>0</integer>
										<key>5</key>
										<integer>4</integer>
										<key>6</key>
										<integer>1142301265</integer>
										<key>7</key>
										<integer>1088803948</integer>
										<key>8</key>
										<integer>-1071182965</integer>
									</dict>
									<dict>
										<key>2</key>
										<integer>2</integer>
										<key>3</key>
										<integer>5</integer>
										<key>4</key>
										<integer>0</integer>
										<key>5</key>
										<integer>4</integer>
										<key>6</key>
										<integer>1143926488</integer>
										<key>7</key>
										<integer>1091904660</integer>
										<key>8</key>
										<integer>-1071182965</integer>
									</dict>
									<dict>
										<key>2</key>
										<integer>2</integer>
										<key>3</key>
										<integer>6</integer>
										<key>4</key>
										<integer>0</integer>
										<key>5</key>
										<integer>4</integer>
										<key>6</key>
										<integer>1155652763</integer>
										<key>7</key>
										<integer>1090563833</integer>
										<key>8</key>
										<integer>-1073964333</integer>
									</dict>
									<dict>
										<key>2</key>
										<integer>2</integer>
										<key>3</key>
										<integer>7</integer>
										<key>4</key>
										<integer>0</integer>
										<key>5</key>
										<integer>4</integer>
										<key>6</key>
										<integer>1152899766</integer>
										<key>7</key>
										<integer>1084188213</integer>
										<key>8</key>
										<integer>-1073964333</integer>
									</dict>
									<dict>
										<key>2</key>
										<integer>2</integer>
										<key>3</key>
										<integer>8</integer>
										<key>4</key>
										<integer>0</integer>
										<key>5</key>
										<integer>4</integer>
										<key>6</key>
										<integer>1148846080</integer>
										<key>7</key>
										<integer>1092018820</integer>
										<key>8</key>
										<integer>-1066910782</integer>
									</dict>
									<dict>
										<key>2</key>
										<integer>2</integer>
										<key>3</key>
										<integer>9</integer>
										<key>4</key>
										<integer>0</integer>
										<key>5</key>
										<integer>4</integer>
										<key>6</key>
										<integer>1128069620</integer>
										<key>7</key>
										<integer>1078774990</integer>
										<key>8</key>
										<integer>-1073319056</integer>
									</dict>
									<dict>
										<key>2</key>
										<integer>2</integer>
										<key>3</key>
										<integer>10</integer>
										<key>4</key>
										<integer>0</integer>
										<key>5</key>
										<integer>4</integer>
										<key>6</key>
										<integer>1146190432</integer>
										<key>7</key>
										<integer>1088633888</integer>
										<key>8</key>
										<integer>-1068512851</integer>
									</dict>
									<dict>
										<key>2</key>
										<integer>2</integer>
										<key>3</key>
										<integer>11</integer>
										<key>4</key>
										<integer>0</integer>
										<key>5</key>
										<integer>4</integer>
										<key>6</key>
										<integer>1157679174</integer>
										<key>7</key>
										<integer>1085367577</integer>
										<key>8</key>
										<integer>-1066910782</integer>
									</dict>
									<dict>
										<key>2</key>
										<integer>2</integer>
										<key>3</key>
										<integer>12</integer>
										<key>4</key>
										<integer>0</integer>
										<key>5</key>
										<integer>4</integer>
										<key>6</key>
										<integer>1160381425</integer>
										<key>7</key>
										<integer>1086426131</integer>
										<key>8</key>
										<integer>-1076100424</integer>
									</dict>
									<dict>
										<key>2</key>
										<integer>2</integer>
										<key>3</key>
										<integer>13</integer>
										<key>4</key>
										<integer>0</integer>
										<key>5</key>
										<integer>4</integer>
										<key>6</key>
										<integer>1150381765</integer>
										<key>7</key>
										<integer>1087575503</integer>
										<key>8</key>
										<integer>-1065842737</integer>
									</dict>
									<dict>
										<key>2</key>
										<integer>2</integer>
										<key>3</key>
										<integer>14</integer>
										<key>4</key>
										<integer>0</integer>
										<key>5</key>
										<integer>4</integer>
										<key>6</key>
										<integer>1165548761</integer>
										<key>7</key>
										<integer>1090442718</integer>
										<key>8</key>
										<integer>-1070648942</integer>
									</dict>
									<dict>
										<key>2</key>
										<integer>2</integer>
										<key>3</key>
										<integer>15</integer>
										<key>4</key>
										<integer>0</integer>
										<key>5</key>
										<integer>4</integer>
										<key>6</key>
										<integer>1168733343</integer>
										<key>7</key>
										<integer>1089972346</integer>
										<key>8</key>
										<integer>-1081440652</integer>
									</dict>
									<dict>
										<key>2</key>
										<integer>2</integer>
										<key>3</key>
										<integer>16</integer>
										<key>4</key>
										<integer>0</integer>
										<key>5</key>
										<integer>4</integer>
										<key>6</key>
										<integer>1170885049</integer>
										<key>7</key>
										<integer>1099788273</integer>
										<key>8</key>
										<integer>-1065330965</integer>
									</dict>
									<dict>
										<key>2</key>
										<integer>2</integer>
										<key>3</key>
										<integer>17</integer>
										<key>4</key>
										<integer>0</integer>
										<key>5</key>
										<integer>4</integer>
										<key>6</key>
										<integer>1171996489</integer>
										<key>7</key>
										<integer>1101964327</integer>
										<key>8</key>
										<integer>-1062927862</integer>
									</dict>
									<dict>
										<key>2</key>
										<integer>2</integer>
										<key>3</key>
										<integer>18</integer>
										<key>4</key>
										<integer>0</integer>
										<key>5</key>
										<integer>4</integer>
										<key>6</key>
										<integer>1174101116</integer>
										<key>7</key>
										<integer>1098953324</integer>
										<key>8</key>
										<integer>-1082886964</integer>
									</dict>
									<dict>
										<key>2</key>
										<integer>2</integer>
										<key>3</key>
										<integer>19</integer>
										<key>4</key>
										<integer>0</integer>
										<key>5</key>
										<integer>4</integer>
										<key>6</key>
										<integer>1175396614</integer>
										<key>7</key>
										<integer>1100124264</integer>
										<key>8</key>
										<integer>-1081440652</integer>
									</dict>
									<dict>
										<key>2</key>
										<integer>2</integer>
										<key>3</key>
										<integer>20</integer>
										<key>4</key>
										<integer>0</integer>
										<key>5</key>
										<integer>4</integer>
										<key>6</key>
										<integer>1177263527</integer>
										<key>7</key>
										<integer>1090826435</integer>
										<key>8</key>
										<integer>-1082886964</integer>
									</dict>
									<dict>
										<key>2</key>
										<integer>2</integer>
										<key>3</key>
										<integer>21</integer>
										<key>4</key>
										<integer>0</integer>
										<key>5</key>
										<integer>6</integer>
										<key>6</key>
										<integer>1166769725</integer>
										<key>7</key>
										<integer>1091491657</integer>
										<key>8</key>
										<integer>1067111041</integer>
									</dict>
									<dict>
										<key>2</key>
										<integer>2</integer>
										<key>3</key>
										<integer>22</integer>
										<key>4</key>
										<integer>0</integer>
										<key>5</key>
										<integer>4</integer>
										<key>6</key>
										<integer>1140483274</integer>
										<key>7</key>
										<integer>1090064113</integer>
										<key>8</key>
										<integer>-1061058782</integer>
									</dict>
									<dict>
										<key>2</key>
										<integer>2</integer>
										<key>3</key>
										<integer>23</integer>
										<key>4</key>
										<integer>0</integer>
										<key>5</key>
										<integer>4</integer>
										<key>6</key>
										<integer>1162100617</integer>
										<key>7</key>
										<integer>1092359784</integer>
										<key>8</key>
										<integer>-1063728896</integer>
									</dict>
									<dict>
										<key>2</key>
										<integer>2</integer>
										<key>3</key>
										<integer>24</integer>
										<key>4</key>
										<integer>0</integer>
										<key>5</key>
										<integer>4</integer>
										<key>6</key>
										<integer>1161192078</integer>
										<key>7</key>
										<integer>1091558586</integer>
										<key>8</key>
										<integer>-1062126828</integer>
									</dict>
									<dict>
										<key>2</key>
										<integer>2</integer>
										<key>3</key>
										<integer>25</integer>
										<key>4</key>
										<integer>0</integer>
										<key>5</key>
										<integer>4</integer>
										<key>6</key>
										<integer>1136535633</integer>
										<key>7</key>
										<integer>1089089164</integer>
										<key>8</key>
										<integer>-1065842737</integer>
									</dict>
								</array>
							</dict>
							<key>PatchbayInfo</key>
							<dict>
								<key>InputPort0</key>
								<dict>
									<key>PortInstance</key>
									<integer>0</integer>
									<key>PortWidth</key>
									<integer>1</integer>
									<key>SourceFuncInstance</key>
									<integer>1</integer>
									<key>SourcePortIndex</key>
									<integer>0</integer>
								</dict>
								<key>InputPort1</key>
								<dict>
									<key>PortInstance</key>
									<integer>1</integer>
									<key>PortWidth</key>
									<integer>1</integer>
									<key>SourceFuncInstance</key>
									<integer>1</integer>
									<key>SourcePortIndex</key>
									<integer>1</integer>
								</dict>
							</dict>
						</dict>
						<key>DspFunction3</key>
						<dict>
							<key>FunctionInfo</key>
							<dict>
								<key>DspFuncName</key>
								<string>DspMultiBandCompressor</string>
								<key>DspFuncInstance</key>
								<integer>3</integer>
								<key>DspFuncProcessingIndex</key>
								<integer>3</integer>
							</dict>
							<key>ParameterInfo</key>
							<dict>
								<key>1</key>
								<integer>0</integer>
								<key>2</key>
								<integer>0</integer>
								<key>3</key>
								<integer>1</integer>
								<key>26</key>
								<integer>1132221273</integer>
								<key>27</key>
								<integer>1184645120</integer>
								<key>28</key>
								<integer>1184645120</integer>
								<key>21</key>
								<integer>0</integer>
								<key>29</key>
								<integer>1</integer>
								<key>30</key>
								<integer>0</integer>
								<key>Compressor</key>
								<array>
									<dict>
										<key>4</key>
										<integer>0</integer>
										<key>5</key>
										<integer>0</integer>
										<key>6</key>
										<integer>0</integer>
										<key>7</key>
										<integer>0</integer>
										<key>8</key>
										<integer>1</integer>
										<key>9</key>
										<integer>1091567616</integer>
										<key>10</key>
										<integer>1114636288</integer>
										<key>11</key>
										<integer>0</integer>
										<key>12</key>
										<integer>1065353216</integer>
										<key>13</key>
										<integer>0</integer>
										<key>14</key>
										<integer>1</integer>
										<key>15</key>
										<integer>1068403619</integer>
										<key>16</key>
										<integer>-1055916032</integer>
										<key>17</key>
										<integer>1073741824</integer>
										<key>18</key>
										<integer>1077936128</integer>
										<key>19</key>
										<integer>0</integer>
									</dict>
									<dict>
										<key>4</key>
										<integer>1</integer>
										<key>5</key>
										<integer>0</integer>
										<key>6</key>
										<integer>0</integer>
										<key>7</key>
										<integer>0</integer>
										<key>8</key>
										<integer>1</integer>
										<key>9</key>
										<integer>1091567616</integer>
										<key>10</key>
										<integer>1114636288</integer>
										<key>11</key>
										<integer>0</integer>
										<key>12</key>
										<integer>1065353216</integer>
										<key>13</key>
										<integer>0</integer>
										<key>14</key>
										<integer>1</integer>
										<key>15</key>
										<integer>1068403619</integer>
										<key>16</key>
										<integer>-1055916032</integer>
										<key>17</key>
										<integer>1073741824</integer>
										<key>18</key>
										<integer>1082130432</integer>
										<key>19</key>
										<integer>0</integer>
									</dict>
								</array>
							</dict>
							<key>PatchbayInfo</key>
							<dict>
								<key>InputPort0</key>
								<dict>
									<key>PortInstance</key>
									<integer>0</integer>
									<key>PortWidth</key>
									<integer>1</integer>
									<key>SourceFuncInstance</key>
									<integer>2</integer>
									<key>SourcePortIndex</key>
									<integer>0</integer>
								</dict>
								<key>InputPort1</key>
								<dict>
									<key>PortInstance</key>
									<integer>1</integer>
									<key>PortWidth</key>
									<integer>1</integer>
									<key>SourceFuncInstance</key>
									<integer>2</integer>
									<key>SourcePortIndex</key>
									<integer>1</integer>
								</dict>
							</dict>
						</dict>
						<key>DspFunction4</key>
						<dict>
							<key>FunctionInfo</key>
							<dict>
								<key>DspFuncName</key>
								<string>DspMultiBandCompressor</string>
								<key>DspFuncInstance</key>
								<integer>4</integer>
								<key>DspFuncProcessingIndex</key>
								<integer>4</integer>
							</dict>
							<key>ParameterInfo</key>
							<dict>
								<key>1</key>
								<integer>0</integer>
								<key>2</key>
								<integer>0</integer>
								<key>3</key>
								<integer>1</integer>
								<key>26</key>
								<integer>1144209028</integer>
								<key>27</key>
								<integer>1184645120</integer>
								<key>28</key>
								<integer>1184645120</integer>
								<key>21</key>
								<integer>0</integer>
								<key>29</key>
								<integer>1</integer>
								<key>30</key>
								<integer>0</integer>
								<key>Compressor</key>
								<array>
									<dict>
										<key>4</key>
										<integer>0</integer>
										<key>5</key>
										<integer>0</integer>
										<key>6</key>
										<integer>0</integer>
										<key>7</key>
										<integer>0</integer>
										<key>8</key>
										<integer>1</integer>
										<key>9</key>
										<integer>1094713344</integer>
										<key>10</key>
										<integer>1116471296</integer>
										<key>11</key>
										<integer>-1069713082</integer>
										<key>12</key>
										<integer>1077497508</integer>
										<key>13</key>
										<integer>0</integer>
										<key>14</key>
										<integer>1</integer>
										<key>15</key>
										<integer>1071835322</integer>
										<key>16</key>
										<integer>-1032847360</integer>
										<key>17</key>
										<integer>1065353216</integer>
										<key>18</key>
										<integer>0</integer>
										<key>19</key>
										<integer>1</integer>
										<key>Filter</key>
										<array>
											<dict>
												<key>20</key>
												<integer>0</integer>
												<key>22</key>
												<integer>1</integer>
												<key>23</key>
												<integer>1126129267</integer>
												<key>24</key>
												<integer>1076103668</integer>
												<key>25</key>
												<integer>1108661695</integer>
											</dict>
											<dict>
												<key>20</key>
												<integer>1</integer>
												<key>22</key>
												<integer>0</integer>
												<key>23</key>
												<integer>1101004800</integer>
												<key>24</key>
												<integer>0</integer>
												<key>25</key>
												<integer>1056964608</integer>
											</dict>
											<dict>
												<key>20</key>
												<integer>2</integer>
												<key>22</key>
												<integer>0</integer>
												<key>23</key>
												<integer>1101004800</integer>
												<key>24</key>
												<integer>0</integer>
												<key>25</key>
												<integer>1056964608</integer>
											</dict>
											<dict>
												<key>20</key>
												<integer>3</integer>
												<key>22</key>
												<integer>0</integer>
												<key>23</key>
												<integer>1101004800</integer>
												<key>24</key>
												<integer>0</integer>
												<key>25</key>
												<integer>1056964608</integer>
											</dict>
											<dict>
												<key>20</key>
												<integer>4</integer>
												<key>22</key>
												<integer>0</integer>
												<key>23</key>
												<integer>1148846080</integer>
												<key>24</key>
												<integer>0</integer>
												<key>25</key>
												<integer>1056964608</integer>
											</dict>
											<dict>
												<key>20</key>
												<integer>5</integer>
												<key>22</key>
												<integer>0</integer>
												<key>23</key>
												<integer>1148846080</integer>
												<key>24</key>
												<integer>0</integer>
												<key>25</key>
												<integer>1056964608</integer>
											</dict>
										</array>
									</dict>
									<dict>
										<key>4</key>
										<integer>1</integer>
										<key>5</key>
										<integer>0</integer>
										<key>6</key>
										<integer>0</integer>
										<key>7</key>
										<integer>0</integer>
										<key>8</key>
										<integer>1</integer>
										<key>9</key>
										<integer>1094713344</integer>
										<key>10</key>
										<integer>1116471296</integer>
										<key>11</key>
										<integer>-1069713082</integer>
										<key>12</key>
										<integer>1077497508</integer>
										<key>13</key>
										<integer>0</integer>
										<key>14</key>
										<integer>1</integer>
										<key>15</key>
										<integer>1072979223</integer>
										<key>16</key>
										<integer>-1032847360</integer>
										<key>17</key>
										<integer>1065353216</integer>
										<key>18</key>
										<integer>0</integer>
										<key>19</key>
										<integer>0</integer>
									</dict>
								</array>
							</dict>
							<key>PatchbayInfo</key>
							<dict>
								<key>InputPort0</key>
								<dict>
									<key>PortInstance</key>
									<integer>0</integer>
									<key>PortWidth</key>
									<integer>1</integer>
									<key>SourceFuncInstance</key>
									<integer>3</integer>
									<key>SourcePortIndex</key>
									<integer>0</integer>
								</dict>
								<key>InputPort1</key>
								<dict>
									<key>PortInstance</key>
									<integer>1</integer>
									<key>PortWidth</key>
									<integer>1</integer>
									<key>SourceFuncInstance</key>
									<integer>3</integer>
									<key>SourcePortIndex</key>
									<integer>1</integer>
								</dict>
							</dict>
						</dict>
						<key>DspFunction5</key>
						<dict>
							<key>FunctionInfo</key>
							<dict>
								<key>DspFuncName</key>
								<string>DspLimiter</string>
								<key>DspFuncInstance</key>
								<integer>5</integer>
								<key>DspFuncProcessingIndex</key>
								<integer>5</integer>
							</dict>
							<key>ParameterInfo</key>
							<dict>
								<key>4</key>
								<integer>0</integer>
								<key>2</key>
								<integer>1084227582</integer>
								<key>5</key>
								<integer>0</integer>
								<key>1</key>
								<integer>0</integer>
								<key>3</key>
								<integer>1100673520</integer>
							</dict>
							<key>PatchbayInfo</key>
							<dict>
								<key>InputPort0</key>
								<dict>
									<key>PortInstance</key>
									<integer>0</integer>
									<key>PortWidth</key>
									<integer>1</integer>
									<key>SourceFuncInstance</key>
									<integer>4</integer>
									<key>SourcePortIndex</key>
									<integer>0</integer>
								</dict>
								<key>InputPort1</key>
								<dict>
									<key>PortInstance</key>
									<integer>1</integer>
									<key>PortWidth</key>
									<integer>1</integer>
									<key>SourceFuncInstance</key>
									<integer>4</integer>
									<key>SourcePortIndex</key>
									<integer>1</integer>
								</dict>
							</dict>
						</dict>
						<key>DspFunction6</key>
						<dict>
							<key>FunctionInfo</key>
							<dict>
								<key>DspFuncName</key>
								<string>DspLoudness</string>
								<key>DspFuncInstance</key>
								<integer>6</integer>
								<key>DspFuncProcessingIndex</key>
								<integer>6</integer>
							</dict>
							<key>ParameterInfo</key>
							<dict>
								<key>15</key>
								<integer>-1036779520</integer>
								<key>5</key>
								<integer>0</integer>
								<key>3</key>
								<integer>0</integer>
								<key>12</key>
								<integer>1053609165</integer>
								<key>17</key>
								<integer>-1043857408</integer>
								<key>1</key>
								<integer>0</integer>
								<key>10</key>
								<integer>1143930880</integer>
								<key>14</key>
								<integer>-1059061760</integer>
								<key>16</key>
								<integer>-1043700524</integer>
								<key>2</key>
								<integer>0</integer>
								<key>13</key>
								<integer>1054280253</integer>
								<key>11</key>
								<integer>1152445519</integer>
								<key>4</key>
								<integer>0</integer>
							</dict>
							<key>PatchbayInfo</key>
							<dict>
								<key>InputPort0</key>
								<dict>
									<key>PortInstance</key>
									<integer>0</integer>
									<key>PortWidth</key>
									<integer>1</integer>
									<key>SourceFuncInstance</key>
									<integer>5</integer>
									<key>SourcePortIndex</key>
									<integer>0</integer>
								</dict>
								<key>InputPort1</key>
								<dict>
									<key>PortInstance</key>
									<integer>1</integer>
									<key>PortWidth</key>
									<integer>1</integer>
									<key>SourceFuncInstance</key>
									<integer>5</integer>
									<key>SourcePortIndex</key>
									<integer>1</integer>
								</dict>
							</dict>
						</dict>
						<key>DspFunction7</key>
						<dict>
							<key>FunctionInfo</key>
							<dict>
								<key>DspFuncName</key>
								<string>DspCrossover2Dot1</string>
								<key>DspFuncInstance</key>
								<integer>7</integer>
								<key>DspFuncProcessingIndex</key>
								<integer>7</integer>
							</dict>
							<key>ParameterInfo</key>
							<dict>
								<key>6</key>
								<integer>1172254238</integer>
								<key>5</key>
								<integer>2</integer>
								<key>1</key>
								<integer>0</integer>
								<key>10</key>
								<integer>1149861888</integer>
								<key>3</key>
								<integer>1065353216</integer>
								<key>2</key>
								<integer>0</integer>
								<key>7</key>
								<integer>1065353216</integer>
								<key>9</key>
								<integer>2</integer>
							</dict>
							<key>PatchbayInfo</key>
							<dict>
								<key>InputPort0</key>
								<dict>
									<key>PortInstance</key>
									<integer>0</integer>
									<key>PortWidth</key>
									<integer>1</integer>
									<key>SourceFuncInstance</key>
									<integer>6</integer>
									<key>SourcePortIndex</key>
									<integer>0</integer>
								</dict>
								<key>InputPort1</key>
								<dict>
									<key>PortInstance</key>
									<integer>1</integer>
									<key>PortWidth</key>
									<integer>1</integer>
									<key>SourceFuncInstance</key>
									<integer>6</integer>
									<key>SourcePortIndex</key>
									<integer>1</integer>
								</dict>
							</dict>
						</dict>
						<key>DspFunction8</key>
						<dict>
							<key>FunctionInfo</key>
							<dict>
								<key>DspFuncName</key>
								<string>DspEqualization32</string>
								<key>DspFuncInstance</key>
								<integer>8</integer>
								<key>DspFuncProcessingIndex</key>
								<integer>8</integer>
							</dict>
							<key>ParameterInfo</key>
							<dict>
								<key>1</key>
								<integer>0</integer>
								<key>9</key>
								<integer>0</integer>
								<key>Filter</key>
								<array>
									<dict>
										<key>2</key>
										<integer>0</integer>
										<key>3</key>
										<integer>13</integer>
										<key>4</key>
										<integer>0</integer>
										<key>5</key>
										<integer>4</integer>
										<key>6</key>
										<integer>1163467428</integer>
										<key>7</key>
										<integer>1092584430</integer>
										<key>8</key>
										<integer>-1062660851</integer>
									</dict>
									<dict>
										<key>2</key>
										<integer>0</integer>
										<key>3</key>
										<integer>14</integer>
										<key>4</key>
										<integer>0</integer>
										<key>5</key>
										<integer>4</integer>
										<key>6</key>
										<integer>1158753950</integer>
										<key>7</key>
										<integer>1092905471</integer>
										<key>8</key>
										<integer>-1060524760</integer>
									</dict>
									<dict>
										<key>2</key>
										<integer>0</integer>
										<key>3</key>
										<integer>15</integer>
										<key>4</key>
										<integer>0</integer>
										<key>5</key>
										<integer>4</integer>
										<key>6</key>
										<integer>1166111384</integer>
										<key>7</key>
										<integer>1086722349</integer>
										<key>8</key>
										<integer>-1044581954</integer>
									</dict>
									<dict>
										<key>2</key>
										<integer>0</integer>
										<key>3</key>
										<integer>16</integer>
										<key>4</key>
										<integer>0</integer>
										<key>5</key>
										<integer>4</integer>
										<key>6</key>
										<integer>1171375616</integer>
										<key>7</key>
										<integer>1084081280</integer>
										<key>8</key>
										<integer>-1096615800</integer>
									</dict>
									<dict>
										<key>2</key>
										<integer>0</integer>
										<key>3</key>
										<integer>17</integer>
										<key>4</key>
										<integer>0</integer>
										<key>5</key>
										<integer>4</integer>
										<key>6</key>
										<integer>1166111384</integer>
										<key>7</key>
										<integer>1078471785</integer>
										<key>8</key>
										<integer>-1066910782</integer>
									</dict>
									<dict>
										<key>2</key>
										<integer>0</integer>
										<key>3</key>
										<integer>18</integer>
										<key>4</key>
										<integer>0</integer>
										<key>5</key>
										<integer>4</integer>
										<key>6</key>
										<integer>1168544038</integer>
										<key>7</key>
										<integer>1084703903</integer>
										<key>8</key>
										<integer>-1070114919</integer>
									</dict>
									<dict>
										<key>2</key>
										<integer>1</integer>
										<key>3</key>
										<integer>14</integer>
										<key>4</key>
										<integer>0</integer>
										<key>5</key>
										<integer>4</integer>
										<key>6</key>
										<integer>1154612624</integer>
										<key>7</key>
										<integer>1089768765</integer>
										<key>8</key>
										<integer>-1076100424</integer>
									</dict>
									<dict>
										<key>2</key>
										<integer>1</integer>
										<key>3</key>
										<integer>15</integer>
										<key>4</key>
										<integer>0</integer>
										<key>5</key>
										<integer>4</integer>
										<key>6</key>
										<integer>1166196590</integer>
										<key>7</key>
										<integer>1094143496</integer>
										<key>8</key>
										<integer>-1058922691</integer>
									</dict>
									<dict>
										<key>2</key>
										<integer>1</integer>
										<key>3</key>
										<integer>16</integer>
										<key>4</key>
										<integer>0</integer>
										<key>5</key>
										<integer>4</integer>
										<key>6</key>
										<integer>1168644595</integer>
										<key>7</key>
										<integer>1083531220</integer>
										<key>8</key>
										<integer>-1053003939</integer>
									</dict>
									<dict>
										<key>2</key>
										<integer>1</integer>
										<key>3</key>
										<integer>17</integer>
										<key>4</key>
										<integer>0</integer>
										<key>5</key>
										<integer>4</integer>
										<key>6</key>
										<integer>1170268411</integer>
										<key>7</key>
										<integer>1090001595</integer>
										<key>8</key>
										<integer>-1066910782</integer>
									</dict>
								</array>
							</dict>
							<key>PatchbayInfo</key>
							<dict>
								<key>InputPort0</key>
								<dict>
									<key>PortInstance</key>
									<integer>0</integer>
									<key>PortWidth</key>
									<integer>1</integer>
									<key>SourceFuncInstance</key>
									<integer>7</integer>
									<key>SourcePortIndex</key>
									<integer>0</integer>
								</dict>
								<key>InputPort1</key>
								<dict>
									<key>PortInstance</key>
									<integer>1</integer>
									<key>PortWidth</key>
									<integer>1</integer>
									<key>SourceFuncInstance</key>
									<integer>7</integer>
									<key>SourcePortIndex</key>
									<integer>1</integer>
								</dict>
							</dict>
						</dict>
						<key>DspFunction9</key>
						<dict>
							<key>FunctionInfo</key>
							<dict>
								<key>DspFuncName</key>
								<string>DspEqualization32</string>
								<key>DspFuncInstance</key>
								<integer>9</integer>
								<key>DspFuncProcessingIndex</key>
								<integer>9</integer>
							</dict>
							<key>ParameterInfo</key>
							<dict>
								<key>1</key>
								<integer>0</integer>
								<key>9</key>
								<integer>0</integer>
								<key>Filter</key>
								<array>
									<dict>
										<key>2</key>
										<integer>0</integer>
										<key>3</key>
										<integer>6</integer>
										<key>4</key>
										<integer>0</integer>
										<key>5</key>
										<integer>4</integer>
										<key>6</key>
										<integer>1140576845</integer>
										<key>7</key>
										<integer>1084096516</integer>
										<key>8</key>
										<integer>-1064262919</integer>
									</dict>
									<dict>
										<key>2</key>
										<integer>0</integer>
										<key>3</key>
										<integer>7</integer>
										<key>4</key>
										<integer>0</integer>
										<key>5</key>
										<integer>4</integer>
										<key>6</key>
										<integer>1151661442</integer>
										<key>7</key>
										<integer>1096198800</integer>
										<key>8</key>
										<integer>-1057053611</integer>
									</dict>
									<dict>
										<key>2</key>
										<integer>0</integer>
										<key>3</key>
										<integer>8</integer>
										<key>4</key>
										<integer>0</integer>
										<key>5</key>
										<integer>4</integer>
										<key>6</key>
										<integer>1159214436</integer>
										<key>7</key>
										<integer>1094268504</integer>
										<key>8</key>
										<integer>-1059456714</integer>
									</dict>
									<dict>
										<key>2</key>
										<integer>0</integer>
										<key>3</key>
										<integer>9</integer>
										<key>4</key>
										<integer>0</integer>
										<key>5</key>
										<integer>4</integer>
										<key>6</key>
										<integer>1154011606</integer>
										<key>7</key>
										<integer>1091567617</integer>
										<key>8</key>
										<integer>-1056608593</integer>
									</dict>
									<dict>
										<key>2</key>
										<integer>0</integer>
										<key>3</key>
										<integer>10</integer>
										<key>4</key>
										<integer>0</integer>
										<key>5</key>
										<integer>4</integer>
										<key>6</key>
										<integer>1150575890</integer>
										<key>7</key>
										<integer>1099631163</integer>
										<key>8</key>
										<integer>-1054338996</integer>
									</dict>
									<dict>
										<key>2</key>
										<integer>0</integer>
										<key>3</key>
										<integer>11</integer>
										<key>4</key>
										<integer>0</integer>
										<key>5</key>
										<integer>4</integer>
										<key>6</key>
										<integer>1142892331</integer>
										<key>7</key>
										<integer>1082846849</integer>
										<key>8</key>
										<integer>-1054606007</integer>
									</dict>
									<dict>
										<key>2</key>
										<integer>0</integer>
										<key>3</key>
										<integer>14</integer>
										<key>4</key>
										<integer>0</integer>
										<key>5</key>
										<integer>4</integer>
										<key>6</key>
										<integer>1165977685</integer>
										<key>7</key>
										<integer>1102521492</integer>
										<key>8</key>
										<integer>-1047986350</integer>
									</dict>
									<dict>
										<key>2</key>
										<integer>0</integer>
										<key>3</key>
										<integer>15</integer>
										<key>4</key>
										<integer>0</integer>
										<key>5</key>
										<integer>4</integer>
										<key>6</key>
										<integer>1164045328</integer>
										<key>7</key>
										<integer>1099808766</integer>
										<key>8</key>
										<integer>-1048386867</integer>
									</dict>
									<dict>
										<key>2</key>
										<integer>1</integer>
										<key>3</key>
										<integer>6</integer>
										<key>4</key>
										<integer>0</integer>
										<key>5</key>
										<integer>4</integer>
										<key>6</key>
										<integer>1140576845</integer>
										<key>7</key>
										<integer>1084096516</integer>
										<key>8</key>
										<integer>-1064262919</integer>
									</dict>
									<dict>
										<key>2</key>
										<integer>1</integer>
										<key>3</key>
										<integer>7</integer>
										<key>4</key>
										<integer>0</integer>
										<key>5</key>
										<integer>4</integer>
										<key>6</key>
										<integer>1151661442</integer>
										<key>7</key>
										<integer>1096198800</integer>
										<key>8</key>
										<integer>-1057053611</integer>
									</dict>
									<dict>
										<key>2</key>
										<integer>1</integer>
										<key>3</key>
										<integer>8</integer>
										<key>4</key>
										<integer>0</integer>
										<key>5</key>
										<integer>4</integer>
										<key>6</key>
										<integer>1159214436</integer>
										<key>7</key>
										<integer>1094268504</integer>
										<key>8</key>
										<integer>-1059456714</integer>
									</dict>
									<dict>
										<key>2</key>
										<integer>1</integer>
										<key>3</key>
										<integer>9</integer>
										<key>4</key>
										<integer>0</integer>
										<key>5</key>
										<integer>4</integer>
										<key>6</key>
										<integer>1154011606</integer>
										<key>7</key>
										<integer>1091567617</integer>
										<key>8</key>
										<integer>-1056608593</integer>
									</dict>
									<dict>
										<key>2</key>
										<integer>1</integer>
										<key>3</key>
										<integer>10</integer>
										<key>4</key>
										<integer>0</integer>
										<key>5</key>
										<integer>4</integer>
										<key>6</key>
										<integer>1150575890</integer>
										<key>7</key>
										<integer>1099631163</integer>
										<key>8</key>
										<integer>-1054338996</integer>
									</dict>
									<dict>
										<key>2</key>
										<integer>1</integer>
										<key>3</key>
										<integer>11</integer>
										<key>4</key>
										<integer>0</integer>
										<key>5</key>
										<integer>4</integer>
										<key>6</key>
										<integer>1142892331</integer>
										<key>7</key>
										<integer>1082846849</integer>
										<key>8</key>
										<integer>-1054606007</integer>
									</dict>
									<dict>
										<key>2</key>
										<integer>1</integer>
										<key>3</key>
										<integer>14</integer>
										<key>4</key>
										<integer>0</integer>
										<key>5</key>
										<integer>4</integer>
										<key>6</key>
										<integer>1165977685</integer>
										<key>7</key>
										<integer>1102521492</integer>
										<key>8</key>
										<integer>-1047986350</integer>
									</dict>
									<dict>
										<key>2</key>
										<integer>1</integer>
										<key>3</key>
										<integer>15</integer>
										<key>4</key>
										<integer>0</integer>
										<key>5</key>
										<integer>4</integer>
										<key>6</key>
										<integer>1164045328</integer>
										<key>7</key>
										<integer>1099808766</integer>
										<key>8</key>
										<integer>-1048386867</integer>
									</dict>
								</array>
							</dict>
							<key>PatchbayInfo</key>
							<dict>
								<key>InputPort0</key>
								<dict>
									<key>PortInstance</key>
									<integer>0</integer>
									<key>PortWidth</key>
									<integer>1</integer>
									<key>SourceFuncInstance</key>
									<integer>7</integer>
									<key>SourcePortIndex</key>
									<integer>2</integer>
								</dict>
								<key>InputPort1</key>
								<dict>
									<key>PortInstance</key>
									<integer>1</integer>
									<key>PortWidth</key>
									<integer>1</integer>
									<key>SourceFuncInstance</key>
									<integer>7</integer>
									<key>SourcePortIndex</key>
									<integer>3</integer>
								</dict>
							</dict>
						</dict>
						<key>DspFunction10</key>
						<dict>
							<key>FunctionInfo</key>
							<dict>
								<key>DspFuncName</key>
								<string>Dsp3ChOutput</string>
								<key>DspFuncInstance</key>
								<integer>10</integer>
								<key>DspFuncProcessingIndex</key>
								<integer>10</integer>
							</dict>
							<key>ParameterInfo</key>
							<dict>
								<key>15</key>
								<integer>1073741824</integer>
								<key>8</key>
								<integer>0</integer>
								<key>3</key>
								<integer>0</integer>
								<key>12</key>
								<integer>0</integer>
								<key>7</key>
								<integer>0</integer>
								<key>6</key>
								<integer>0</integer>
								<key>1</key>
								<integer>0</integer>
								<key>10</key>
								<integer>0</integer>
								<key>14</key>
								<integer>0</integer>
								<key>16</key>
								<integer>1073741824</integer>
								<key>2</key>
								<integer>0</integer>
								<key>4</key>
								<integer>0</integer>
								<key>11</key>
								<integer>0</integer>
							</dict>
							<key>PatchbayInfo</key>
							<dict>
								<key>InputPort0</key>
								<dict>
									<key>PortInstance</key>
									<integer>0</integer>
									<key>PortWidth</key>
									<integer>1</integer>
									<key>SourceFuncInstance</key>
									<integer>8</integer>
									<key>SourcePortIndex</key>
									<integer>0</integer>
								</dict>
								<key>InputPort1</key>
								<dict>
									<key>PortInstance</key>
									<integer>1</integer>
									<key>PortWidth</key>
									<integer>1</integer>
									<key>SourceFuncInstance</key>
									<integer>8</integer>
									<key>SourcePortIndex</key>
									<integer>1</integer>
								</dict>
								<key>InputPort2</key>
								<dict>
									<key>PortInstance</key>
									<integer>2</integer>
									<key>PortWidth</key>
									<integer>1</integer>
									<key>SourceFuncInstance</key>
									<integer>9</integer>
									<key>SourcePortIndex</key>
									<integer>0</integer>
								</dict>
								<key>InputPort3</key>
								<dict>
									<key>PortInstance</key>
									<integer>3</integer>
									<key>PortWidth</key>
									<integer>1</integer>
									<key>SourceFuncInstance</key>
									<integer>9</integer>
									<key>SourcePortIndex</key>
									<integer>1</integer>
								</dict>
							</dict>
						</dict>
					</dict>
				</dict>
			</dict>
			<key>LineIn</key>						<!--	<rdar://6861776>	-->
			<dict/>
			<key>Mic</key>
			<dict>
                <key>MuteGPIO</key>
                <integer>1342242829</integer>		<!-- 0x5001000D	-->
				<!-- Created with DGB version: 1.9.5 by Mike Mckenna On: 06/14/2012 04:34PM -->
				<!-- <rdar://11625547,11625543,11625531,11612295> -->
				<key>SignalProcessing</key>
				<dict>
					<key>SoftwareDSP</key>
					<dict>
						<key>DspFunction0</key>
						<dict>
							<key>FunctionInfo</key>
							<dict>
								<key>DspFuncName</key>
								<string>DspGainStage</string>
								<key>DspFuncInstance</key>
								<integer>0</integer>
								<key>DspFuncProcessingIndex</key>
								<integer>0</integer>
							</dict>
							<key>ParameterInfo</key>
							<dict>
								<key>1</key>
								<integer>0</integer>
								<key>2</key>
								<integer>1078616770</integer>
								<key>3</key>
								<integer>1078616770</integer>
							</dict>
							<key>PatchbayInfo</key>
							<dict>
							</dict>
						</dict>
						<key>DspFunction1</key>
						<dict>
							<key>FunctionInfo</key>
							<dict>
								<key>DspFuncName</key>
								<string>DspNoiseReduction</string>
								<key>DspFuncInstance</key>
								<integer>1</integer>
								<key>DspFuncProcessingIndex</key>
								<integer>1</integer>
							</dict>
							<key>ParameterInfo</key>
							<dict>
								<key>3</key>
								<integer>0</integer>
								<key>1</key>
								<integer>0</integer>
								<key>4</key>
								<integer>-1077065615</integer>
								<key>2</key>
								<integer>1</integer>
								<key>5</key>
								<data>UvaAwuqcX8JkT2TCCqeBwgZAjsJcypbC
									  H0qcwh47n8KhV6HCkF+jwpe0pMLzrqXC
									  Rg2mwmStpcJeeKXCihGnwm5HqMJAsajC
									  ALGowsZXqcI4DqrCqumpwro+qsKG46rC
									  oIurwpYErML78avCiLCrwmz7q8IoSazC
									  +hOswl5ErMLyM6zC+BKswrjjrMJEzq3C
									  RhOuwppursKArq7CYiyvwpqar8LK8a/C
									  Pgqwwraur8I+uK/CThmwwoxusML2sbDC
									  rtOwwvYyscLgVLHCXjOxwkDcsMKo37DC
									  loyxwqAWssIasLHCVv+wwhJ/scLaKbPC
									  GOyzwvLws8J+tbPCspazwojEs8I4hbTC
									  XO20wkLKtMIMUrTCjiW0wmbfs8Iuk7PC
									  GFCzwpSSs8KAQbTCiP+0woBXtcIgoLXC
									  RPi0wr5htMKKabTCPFG1wpxxtsLiBLfC
									  1jS3wpYEt8Jg+bbC1nS3wtq1t8Jc4LfC
									  MBa4wuqPuML82LjC3LS4wnjUuMI2MLnC
									  eIy5woLIucIMPrrC3EK6woSBusI8trrC
									  YvG6wr46u8JQBrvCZsK7wtDOvMJck73C
									  ugW+wqAnv8IepcDC1DvCwhy4w8LCi8XC
									  sIbHwpjIycJIbMzCGOjOwnwCzsKOCc7C
									  strVwrCu3sKoaeXCajbswgao88L2tfzC
									  SbwDwzR9CMPf+xDD
								</data>
							</dict>
							<key>PatchbayInfo</key>
							<dict>
								<key>InputPort0</key>
								<dict>
									<key>PortInstance</key>
									<integer>0</integer>
									<key>PortWidth</key>
									<integer>1</integer>
									<key>SourceFuncInstance</key>
									<integer>0</integer>
									<key>SourcePortIndex</key>
									<integer>0</integer>
								</dict>
								<key>InputPort1</key>
								<dict>
									<key>PortInstance</key>
									<integer>1</integer>
									<key>PortWidth</key>
									<integer>1</integer>
									<key>SourceFuncInstance</key>
									<integer>0</integer>
									<key>SourcePortIndex</key>
									<integer>1</integer>
								</dict>
							</dict>
						</dict>
						<key>DspFunction2</key>
						<dict>
							<key>FunctionInfo</key>
							<dict>
								<key>DspFuncName</key>
								<string>DspEqualization32</string>
								<key>DspFuncInstance</key>
								<integer>2</integer>
								<key>DspFuncProcessingIndex</key>
								<integer>2</integer>
							</dict>
							<key>ParameterInfo</key>
							<dict>
								<key>1</key>
								<integer>0</integer>
								<key>9</key>
								<integer>0</integer>
								<key>Filter</key>
								<array>
									<dict>
										<key>2</key>
										<integer>0</integer>
										<key>3</key>
										<integer>0</integer>
										<key>4</key>
										<integer>0</integer>
										<key>5</key>
										<integer>1</integer>
										<key>6</key>
										<integer>1120445874</integer>
										<key>7</key>
										<integer>1060439283</integer>
										<key>8</key>
										<integer>1099519471</integer>
									</dict>
									<dict>
										<key>2</key>
										<integer>0</integer>
										<key>3</key>
										<integer>4</integer>
										<key>4</key>
										<integer>0</integer>
										<key>5</key>
										<integer>4</integer>
										<key>6</key>
										<integer>1142313553</integer>
										<key>7</key>
										<integer>1078818285</integer>
										<key>8</key>
										<integer>-1073964333</integer>
									</dict>
									<dict>
										<key>2</key>
										<integer>0</integer>
										<key>3</key>
										<integer>5</integer>
										<key>4</key>
										<integer>0</integer>
										<key>5</key>
										<integer>4</integer>
										<key>6</key>
										<integer>1140562836</integer>
										<key>7</key>
										<integer>1079319354</integer>
										<key>8</key>
										<integer>-1072785033</integer>
									</dict>
									<dict>
										<key>2</key>
										<integer>0</integer>
										<key>3</key>
										<integer>6</integer>
										<key>4</key>
										<integer>0</integer>
										<key>5</key>
										<integer>4</integer>
										<key>6</key>
										<integer>1148888887</integer>
										<key>7</key>
										<integer>1084967967</integer>
										<key>8</key>
										<integer>-1075032379</integer>
									</dict>
									<dict>
										<key>2</key>
										<integer>0</integer>
										<key>3</key>
										<integer>7</integer>
										<key>4</key>
										<integer>0</integer>
										<key>5</key>
										<integer>4</integer>
										<key>6</key>
										<integer>1150938452</integer>
										<key>7</key>
										<integer>1083800427</integer>
										<key>8</key>
										<integer>-1075032379</integer>
									</dict>
									<dict>
										<key>2</key>
										<integer>0</integer>
										<key>3</key>
										<integer>8</integer>
										<key>4</key>
										<integer>0</integer>
										<key>5</key>
										<integer>4</integer>
										<key>6</key>
										<integer>1154815124</integer>
										<key>7</key>
										<integer>1086193170</integer>
										<key>8</key>
										<integer>-1080372607</integer>
									</dict>
									<dict>
										<key>2</key>
										<integer>0</integer>
										<key>3</key>
										<integer>10</integer>
										<key>4</key>
										<integer>0</integer>
										<key>5</key>
										<integer>4</integer>
										<key>6</key>
										<integer>1158409013</integer>
										<key>7</key>
										<integer>1087451716</integer>
										<key>8</key>
										<integer>-1076100424</integer>
									</dict>
									<dict>
										<key>2</key>
										<integer>0</integer>
										<key>3</key>
										<integer>11</integer>
										<key>4</key>
										<integer>0</integer>
										<key>5</key>
										<integer>4</integer>
										<key>6</key>
										<integer>1163363760</integer>
										<key>7</key>
										<integer>1068050373</integer>
										<key>8</key>
										<integer>1076834706</integer>
									</dict>
									<dict>
										<key>2</key>
										<integer>0</integer>
										<key>3</key>
										<integer>12</integer>
										<key>4</key>
										<integer>0</integer>
										<key>5</key>
										<integer>4</integer>
										<key>6</key>
										<integer>1172012401</integer>
										<key>7</key>
										<integer>1084883900</integer>
										<key>8</key>
										<integer>-1089295238</integer>
									</dict>
									<dict>
										<key>2</key>
										<integer>0</integer>
										<key>3</key>
										<integer>30</integer>
										<key>4</key>
										<integer>0</integer>
										<key>5</key>
										<integer>0</integer>
										<key>6</key>
										<integer>1179127613</integer>
										<key>7</key>
										<integer>1060439283</integer>
										<key>8</key>
										<integer>-1069504319</integer>
									</dict>
									<dict>
										<key>2</key>
										<integer>1</integer>
										<key>3</key>
										<integer>0</integer>
										<key>4</key>
										<integer>0</integer>
										<key>5</key>
										<integer>1</integer>
										<key>6</key>
										<integer>1120445874</integer>
										<key>7</key>
										<integer>1060439283</integer>
										<key>8</key>
										<integer>1099519471</integer>
									</dict>
									<dict>
										<key>2</key>
										<integer>1</integer>
										<key>3</key>
										<integer>4</integer>
										<key>4</key>
										<integer>0</integer>
										<key>5</key>
										<integer>4</integer>
										<key>6</key>
										<integer>1142313553</integer>
										<key>7</key>
										<integer>1078818285</integer>
										<key>8</key>
										<integer>-1073964333</integer>
									</dict>
									<dict>
										<key>2</key>
										<integer>1</integer>
										<key>3</key>
										<integer>5</integer>
										<key>4</key>
										<integer>0</integer>
										<key>5</key>
										<integer>4</integer>
										<key>6</key>
										<integer>1140562836</integer>
										<key>7</key>
										<integer>1079319354</integer>
										<key>8</key>
										<integer>-1072785033</integer>
									</dict>
									<dict>
										<key>2</key>
										<integer>1</integer>
										<key>3</key>
										<integer>6</integer>
										<key>4</key>
										<integer>0</integer>
										<key>5</key>
										<integer>4</integer>
										<key>6</key>
										<integer>1148888887</integer>
										<key>7</key>
										<integer>1084967967</integer>
										<key>8</key>
										<integer>-1075032379</integer>
									</dict>
									<dict>
										<key>2</key>
										<integer>1</integer>
										<key>3</key>
										<integer>7</integer>
										<key>4</key>
										<integer>0</integer>
										<key>5</key>
										<integer>4</integer>
										<key>6</key>
										<integer>1150938452</integer>
										<key>7</key>
										<integer>1083800427</integer>
										<key>8</key>
										<integer>-1075032379</integer>
									</dict>
									<dict>
										<key>2</key>
										<integer>1</integer>
										<key>3</key>
										<integer>8</integer>
										<key>4</key>
										<integer>0</integer>
										<key>5</key>
										<integer>4</integer>
										<key>6</key>
										<integer>1154815124</integer>
										<key>7</key>
										<integer>1086193170</integer>
										<key>8</key>
										<integer>-1080372607</integer>
									</dict>
									<dict>
										<key>2</key>
										<integer>1</integer>
										<key>3</key>
										<integer>10</integer>
										<key>4</key>
										<integer>0</integer>
										<key>5</key>
										<integer>4</integer>
										<key>6</key>
										<integer>1158409013</integer>
										<key>7</key>
										<integer>1087451716</integer>
										<key>8</key>
										<integer>-1076100424</integer>
									</dict>
									<dict>
										<key>2</key>
										<integer>1</integer>
										<key>3</key>
										<integer>11</integer>
										<key>4</key>
										<integer>0</integer>
										<key>5</key>
										<integer>4</integer>
										<key>6</key>
										<integer>1163363760</integer>
										<key>7</key>
										<integer>1068050373</integer>
										<key>8</key>
										<integer>1076834706</integer>
									</dict>
									<dict>
										<key>2</key>
										<integer>1</integer>
										<key>3</key>
										<integer>12</integer>
										<key>4</key>
										<integer>0</integer>
										<key>5</key>
										<integer>4</integer>
										<key>6</key>
										<integer>1172012401</integer>
										<key>7</key>
										<integer>1084883900</integer>
										<key>8</key>
										<integer>-1089295238</integer>
									</dict>
									<dict>
										<key>2</key>
										<integer>1</integer>
										<key>3</key>
										<integer>30</integer>
										<key>4</key>
										<integer>0</integer>
										<key>5</key>
										<integer>0</integer>
										<key>6</key>
										<integer>1179127613</integer>
										<key>7</key>
										<integer>1060439283</integer>
										<key>8</key>
										<integer>-1069504319</integer>
									</dict>
								</array>
							</dict>
							<key>PatchbayInfo</key>
							<dict>
								<key>InputPort0</key>
								<dict>
									<key>PortInstance</key>
									<integer>0</integer>
									<key>PortWidth</key>
									<integer>1</integer>
									<key>SourceFuncInstance</key>
									<integer>1</integer>
									<key>SourcePortIndex</key>
									<integer>0</integer>
								</dict>
								<key>InputPort1</key>
								<dict>
									<key>PortInstance</key>
									<integer>1</integer>
									<key>PortWidth</key>
									<integer>1</integer>
									<key>SourceFuncInstance</key>
									<integer>1</integer>
									<key>SourcePortIndex</key>
									<integer>1</integer>
								</dict>
							</dict>
						</dict>
						<key>DspFunction3</key>
						<dict>
							<key>FunctionInfo</key>
							<dict>
								<key>DspFuncName</key>
								<string>DspGainStage</string>
								<key>DspFuncInstance</key>
								<integer>3</integer>
								<key>DspFuncProcessingIndex</key>
								<integer>3</integer>
							</dict>
							<key>ParameterInfo</key>
							<dict>
								<key>1</key>
								<integer>0</integer>
								<key>2</key>
								<integer>1058010522</integer>
								<key>3</key>
								<integer>1058010522</integer>
							</dict>
							<key>PatchbayInfo</key>
							<dict>
								<key>InputPort0</key>
								<dict>
									<key>PortInstance</key>
									<integer>0</integer>
									<key>PortWidth</key>
									<integer>1</integer>
									<key>SourceFuncInstance</key>
									<integer>2</integer>
									<key>SourcePortIndex</key>
									<integer>0</integer>
								</dict>
								<key>InputPort1</key>
								<dict>
									<key>PortInstance</key>
									<integer>1</integer>
									<key>PortWidth</key>
									<integer>1</integer>
									<key>SourceFuncInstance</key>
									<integer>2</integer>
									<key>SourcePortIndex</key>
									<integer>1</integer>
								</dict>
							</dict>
						</dict>
						<key>DspFunction4</key>
						<dict>
							<key>FunctionInfo</key>
							<dict>
								<key>DspFuncName</key>
								<string>DspAECGainAdjustStage</string>
								<key>DspFuncInstance</key>
								<integer>4</integer>
								<key>DspFuncProcessingIndex</key>
								<integer>4</integer>
							</dict>
							<key>ParameterInfo</key>
							<dict>
								<key>3</key>
								<integer>1082130432</integer>
								<key>1</key>
								<integer>1</integer>
								<key>4</key>
								<integer>1103626240</integer>
								<key>2</key>
								<integer>0</integer>
								<key>5</key>
								<integer>0</integer>
							</dict>
							<key>PatchbayInfo</key>
							<dict>
								<key>InputPort0</key>
								<dict>
									<key>PortInstance</key>
									<integer>0</integer>
									<key>PortWidth</key>
									<integer>1</integer>
									<key>SourceFuncInstance</key>
									<integer>3</integer>
									<key>SourcePortIndex</key>
									<integer>0</integer>
								</dict>
								<key>InputPort1</key>
								<dict>
									<key>PortInstance</key>
									<integer>1</integer>
									<key>PortWidth</key>
									<integer>1</integer>
									<key>SourceFuncInstance</key>
									<integer>3</integer>
									<key>SourcePortIndex</key>
									<integer>1</integer>
								</dict>
							</dict>
						</dict>
					</dict>
				</dict>
			</dict>
			<key>Outputs</key>
			<array>
                <string>Headphone</string>
                <string>IntSpeaker</string>
                <string>SPDIFOut</string>
			</array>
			<key>PathMapID</key>
            <integer>56</integer>				<!-- <rdar://11625531> -->
			<key>SPDIFOut</key>
			<dict/>
		</dict>
	</array>
</dict>
