<dict>
	<key>LayoutID</key>
	<integer>59</integer>
	<key>PathMapRef</key>
	<array>
		<dict>
			<key>CodecID</key>
			<array>
				<integer>269697542</integer>
			</array>
			<key>ExtMic</key>
			<dict>
				<key>HeadsetMic_dBV</key>
				<integer>1088421888</integer>
				<key>MuteGPIO</key>
				<integer>262144</integer>
			</dict>
			<key>Headphone</key>
            <dict>
                <key>AmpPostDelay</key>
                <integer>100</integer>
                <key>AmpPreDelay</key>
                <integer>50</integer>
                <key>Headset_dBV</key>
                <integer>-1055916032</integer>
                <key>MuteGPIO</key>
                <integer>1</integer>
            </dict>
			<key>Inputs</key>
            <array>
                <string>Mic</string>
                <string>ExtMic</string>
			</array>
			<key>IntSpeaker</key>
			<dict>
                <key>MaximumBootBeepValue</key>
                <integer>91</integer>
                <key>MuteGPIO</key>
                <integer>3</integer>
                <key>Vendors</key>
                <dict>
					<key>Speaker</key>
					<array>
						<dict>
							<key>Vendor</key>
							<integer>786432</integer>       <!-- Speaker device specific ID 0xc0000 Merry -->
							<key>HardwareID</key>
							<integer>0</integer>            <!-- HW speaker detect pin sense low -->
						</dict>
						<dict>
							<key>Vendor</key>                  				
							<integer>262144</integer>       <!-- Speaker device specific ID 0x40000 FG -->
							<key>HardwareID</key>
							<integer>1</integer>            <!-- HW speaker detect pin sense high -->		
						</dict>
					</array>
				</dict>
                <key>SignalProcessingIDs</key>
                <dict>
                    <key>786432</key>   	<!-- device composite number speaker for Merry =  0x000C0000 -->       
                    <integer>0</integer>	<!--  EQ 1 -->  
                    <key>262144</key>		<!-- device composite number speaker for FG = 0x00040000 --> 
                    <integer>1</integer>	<!--  EQ 2-->
                    <key>16711680</key>     <!-- default EQ when speaker mis-match occurs -->
                    <integer>0</integer>    <!--  EQ 1 -->
                </dict>
				<key>SignalProcessing</key>
                <array>
                    <dict>
                        <key>SoftwareDSP</key>
                        <dict>
                            <key>DspFunction0</key>
                            <dict>
                                <key>FunctionInfo</key>
                                <dict>
                                    <key>DspFuncName</key>
                                    <string>DspLoudness</string>
                                    <key>DspFuncInstance</key>
                                    <integer>0</integer>
                                    <key>DspFuncProcessingIndex</key>
                                    <integer>0</integer>
                                </dict>
                                <key>ParameterInfo</key>
                                <dict>
                                    <key>10</key>
                                    <integer>1137180672</integer>
                                    <key>2</key>
                                    <integer>0</integer>
                                    <key>15</key>
                                    <integer>-1039743764</integer>
                                    <key>3</key>
                                    <integer>0</integer>
                                    <key>11</key>
                                    <integer>1155596288</integer>
                                    <key>4</key>
                                    <integer>0</integer>
                                    <key>16</key>
                                    <integer>-1051392235</integer>
                                    <key>5</key>
                                    <integer>0</integer>
                                    <key>12</key>
                                    <integer>1053609165</integer>
                                    <key>17</key>
                                    <integer>-1068418278</integer>
                                    <key>13</key>
                                    <integer>1053609165</integer>
                                    <key>14</key>
                                    <integer>-1049624576</integer>
                                    <key>1</key>
                                    <integer>0</integer>
                                </dict>
                                <key>PatchbayInfo</key>
                                <dict>
                                </dict>
                            </dict>
                            <key>DspFunction1</key>
                            <dict>
                                <key>FunctionInfo</key>
                                <dict>
                                    <key>DspFuncName</key>
                                    <string>Dsp2To4Splitter</string>
                                    <key>DspFuncInstance</key>
                                    <integer>1</integer>
                                    <key>DspFuncProcessingIndex</key>
                                    <integer>1</integer>
                                </dict>
                                <key>ParameterInfo</key>
                                <dict>
                                </dict>
                                <key>PatchbayInfo</key>
                                <dict>
                                    <key>InputPort0</key>
                                    <dict>
                                        <key>PortInstance</key>
                                        <integer>0</integer>
                                        <key>PortWidth</key>
                                        <integer>1</integer>
                                        <key>SourceFuncInstance</key>
                                        <integer>0</integer>
                                        <key>SourcePortIndex</key>
                                        <integer>0</integer>
                                    </dict>
                                    <key>InputPort1</key>
                                    <dict>
                                        <key>PortInstance</key>
                                        <integer>1</integer>
                                        <key>PortWidth</key>
                                        <integer>1</integer>
                                        <key>SourceFuncInstance</key>
                                        <integer>0</integer>
                                        <key>SourcePortIndex</key>
                                        <integer>1</integer>
                                    </dict>
                                </dict>
                            </dict>
                            <key>DspFunction2</key>
                            <dict>
                                <key>FunctionInfo</key>
                                <dict>
                                    <key>DspFuncName</key>
                                    <string>DspEqualization32</string>
                                    <key>DspFuncInstance</key>
                                    <integer>2</integer>
                                    <key>DspFuncProcessingIndex</key>
                                    <integer>2</integer>
                                </dict>
                                <key>ParameterInfo</key>
                                <dict>
                                    <key>1</key>
                                    <integer>0</integer>
                                    <key>9</key>
                                    <integer>0</integer>
                                    <key>Filter</key>
                                    <array>
                                        <dict>
                                            <key>2</key>
                                            <integer>0</integer>
                                            <key>3</key>
                                            <integer>0</integer>
                                            <key>4</key>
                                            <integer>0</integer>
                                            <key>5</key>
                                            <integer>1</integer>
                                            <key>6</key>
                                            <integer>1149870197</integer>
                                            <key>7</key>
                                            <integer>1065147973</integer>
                                            <key>8</key>
                                            <integer>-1109723768</integer>
                                        </dict>
                                        <dict>
                                            <key>2</key>
                                            <integer>1</integer>
                                            <key>3</key>
                                            <integer>0</integer>
                                            <key>4</key>
                                            <integer>0</integer>
                                            <key>5</key>
                                            <integer>1</integer>
                                            <key>6</key>
                                            <integer>1149870197</integer>
                                            <key>7</key>
                                            <integer>1065147973</integer>
                                            <key>8</key>
                                            <integer>-1109723768</integer>
                                        </dict>
                                    </array>
                                </dict>
                                <key>PatchbayInfo</key>
                                <dict>
                                    <key>InputPort0</key>
                                    <dict>
                                        <key>PortInstance</key>
                                        <integer>0</integer>
                                        <key>PortWidth</key>
                                        <integer>1</integer>
                                        <key>SourceFuncInstance</key>
                                        <integer>1</integer>
                                        <key>SourcePortIndex</key>
                                        <integer>0</integer>
                                    </dict>
                                    <key>InputPort1</key>
                                    <dict>
                                        <key>PortInstance</key>
                                        <integer>1</integer>
                                        <key>PortWidth</key>
                                        <integer>1</integer>
                                        <key>SourceFuncInstance</key>
                                        <integer>1</integer>
                                        <key>SourcePortIndex</key>
                                        <integer>1</integer>
                                    </dict>
                                </dict>
                            </dict>
                            <key>DspFunction3</key>
                            <dict>
                                <key>FunctionInfo</key>
                                <dict>
                                    <key>DspFuncName</key>
                                    <string>DspEqualization32</string>
                                    <key>DspFuncInstance</key>
                                    <integer>3</integer>
                                    <key>DspFuncProcessingIndex</key>
                                    <integer>3</integer>
                                </dict>
                                <key>ParameterInfo</key>
                                <dict>
                                    <key>1</key>
                                    <integer>0</integer>
                                    <key>9</key>
                                    <integer>0</integer>
                                    <key>Filter</key>
                                    <array>
                                        <dict>
                                            <key>2</key>
                                            <integer>0</integer>
                                            <key>3</key>
                                            <integer>0</integer>
                                            <key>4</key>
                                            <integer>0</integer>
                                            <key>5</key>
                                            <integer>1</integer>
                                            <key>6</key>
                                            <integer>1125508417</integer>
                                            <key>7</key>
                                            <integer>1060439283</integer>
                                            <key>8</key>
                                            <integer>-1069504319</integer>
                                        </dict>
                                        <dict>
                                            <key>2</key>
                                            <integer>1</integer>
                                            <key>3</key>
                                            <integer>0</integer>
                                            <key>4</key>
                                            <integer>0</integer>
                                            <key>5</key>
                                            <integer>1</integer>
                                            <key>6</key>
                                            <integer>1125508417</integer>
                                            <key>7</key>
                                            <integer>1060439283</integer>
                                            <key>8</key>
                                            <integer>-1069504319</integer>
                                        </dict>
                                    </array>
                                </dict>
                                <key>PatchbayInfo</key>
                                <dict>
                                    <key>InputPort0</key>
                                    <dict>
                                        <key>PortInstance</key>
                                        <integer>0</integer>
                                        <key>PortWidth</key>
                                        <integer>1</integer>
                                        <key>SourceFuncInstance</key>
                                        <integer>1</integer>
                                        <key>SourcePortIndex</key>
                                        <integer>2</integer>
                                    </dict>
                                    <key>InputPort1</key>
                                    <dict>
                                        <key>PortInstance</key>
                                        <integer>1</integer>
                                        <key>PortWidth</key>
                                        <integer>1</integer>
                                        <key>SourceFuncInstance</key>
                                        <integer>1</integer>
                                        <key>SourcePortIndex</key>
                                        <integer>3</integer>
                                    </dict>
                                </dict>
                            </dict>
                            <key>DspFunction4</key>
                            <dict>
                                <key>FunctionInfo</key>
                                <dict>
                                    <key>DspFuncName</key>
                                    <string>DspTempControl</string>
                                    <key>DspFuncInstance</key>
                                    <integer>4</integer>
                                    <key>DspFuncProcessingIndex</key>
                                    <integer>4</integer>
                                </dict>
                                <key>ParameterInfo</key>
                                <dict>
                                    <key>10</key>
                                    <integer>1</integer>
                                    <key>2</key>
                                    <integer>1123024896</integer>
                                    <key>15</key>
                                    <integer>1120403456</integer>
                                    <key>3</key>
                                    <integer>1053374284</integer>
                                    <key>11</key>
                                    <integer>1073741824</integer>
                                    <key>4</key>
                                    <integer>1041865114</integer>
                                    <key>16</key>
                                    <integer>1073741824</integer>
                                    <key>5</key>
                                    <integer>0</integer>
                                    <key>12</key>
                                    <integer>1036831949</integer>
                                    <key>17</key>
                                    <integer>0</integer>
                                    <key>6</key>
                                    <integer>1103626240</integer>
                                    <key>13</key>
                                    <integer>0</integer>
                                    <key>7</key>
                                    <integer>1077516698</integer>
                                    <key>8</key>
                                    <integer>1109393408</integer>
                                    <key>14</key>
                                    <integer>1065353216</integer>
                                    <key>1</key>
                                    <integer>0</integer>
                                    <key>9</key>
                                    <integer>-1041235968</integer>
									<key>18</key>
									<integer>1148846080</integer>
                                </dict>
                                <key>PatchbayInfo</key>
                                <dict>
                                    <key>InputPort0</key>
                                    <dict>
                                        <key>PortInstance</key>
                                        <integer>0</integer>
                                        <key>PortWidth</key>
                                        <integer>1</integer>
                                        <key>SourceFuncInstance</key>
                                        <integer>3</integer>
                                        <key>SourcePortIndex</key>
                                        <integer>0</integer>
                                    </dict>
                                    <key>InputPort1</key>
                                    <dict>
                                        <key>PortInstance</key>
                                        <integer>1</integer>
                                        <key>PortWidth</key>
                                        <integer>1</integer>
                                        <key>SourceFuncInstance</key>
                                        <integer>3</integer>
                                        <key>SourcePortIndex</key>
                                        <integer>1</integer>
                                    </dict>
                                </dict>
                            </dict>
                            <key>DspFunction5</key>
                            <dict>
                                <key>FunctionInfo</key>
                                <dict>
                                    <key>DspFuncName</key>
                                    <string>DspSplineLimiter</string>
                                    <key>DspFuncInstance</key>
                                    <integer>5</integer>
                                    <key>DspFuncProcessingIndex</key>
                                    <integer>5</integer>
                                </dict>
                                <key>ParameterInfo</key>
                                <dict>
                                    <key>7</key>
                                    <integer>1056964608</integer>
                                    <key>3</key>
                                    <integer>1010311411</integer>
                                    <key>4</key>
                                    <integer>1027595262</integer>
                                    <key>5</key>
                                    <integer>0</integer>
                                    <key>1</key>
                                    <integer>0</integer>
                                    <key>6</key>
                                    <integer>1092616192</integer>
                                    <key>2</key>
                                    <integer>0</integer>
                                </dict>
                                <key>PatchbayInfo</key>
                                <dict>
                                    <key>InputPort0</key>
                                    <dict>
                                        <key>PortInstance</key>
                                        <integer>0</integer>
                                        <key>PortWidth</key>
                                        <integer>1</integer>
                                        <key>SourceFuncInstance</key>
                                        <integer>2</integer>
                                        <key>SourcePortIndex</key>
                                        <integer>0</integer>
                                    </dict>
                                    <key>InputPort1</key>
                                    <dict>
                                        <key>PortInstance</key>
                                        <integer>1</integer>
                                        <key>PortWidth</key>
                                        <integer>1</integer>
                                        <key>SourceFuncInstance</key>
                                        <integer>2</integer>
                                        <key>SourcePortIndex</key>
                                        <integer>1</integer>
                                    </dict>
                                </dict>
                            </dict>
                            <key>DspFunction6</key>
                            <dict>
                                <key>FunctionInfo</key>
                                <dict>
                                    <key>DspFuncName</key>
                                    <string>DspSplineLimiter</string>
                                    <key>DspFuncInstance</key>
                                    <integer>6</integer>
                                    <key>DspFuncProcessingIndex</key>
                                    <integer>6</integer>
                                </dict>
                                <key>ParameterInfo</key>
                                <dict>
                                    <key>7</key>
                                    <integer>1056964608</integer>
                                    <key>3</key>
                                    <integer>1010311411</integer>
                                    <key>4</key>
                                    <integer>1027595262</integer>
                                    <key>5</key>
                                    <integer>0</integer>
                                    <key>1</key>
                                    <integer>0</integer>
                                    <key>6</key>
                                    <integer>1092616192</integer>
                                    <key>2</key>
                                    <integer>0</integer>
                                </dict>
                                <key>PatchbayInfo</key>
                                <dict>
                                    <key>InputPort0</key>
                                    <dict>
                                        <key>PortInstance</key>
                                        <integer>0</integer>
                                        <key>PortWidth</key>
                                        <integer>1</integer>
                                        <key>SourceFuncInstance</key>
                                        <integer>4</integer>
                                        <key>SourcePortIndex</key>
                                        <integer>0</integer>
                                    </dict>
                                    <key>InputPort1</key>
                                    <dict>
                                        <key>PortInstance</key>
                                        <integer>1</integer>
                                        <key>PortWidth</key>
                                        <integer>1</integer>
                                        <key>SourceFuncInstance</key>
                                        <integer>4</integer>
                                        <key>SourcePortIndex</key>
                                        <integer>1</integer>
                                    </dict>
                                </dict>
                            </dict>
                            <key>DspFunction7</key>
                            <dict>
                                <key>FunctionInfo</key>
                                <dict>
                                    <key>DspFuncName</key>
                                    <string>Dsp4ChOutput</string>
                                    <key>DspFuncInstance</key>
                                    <integer>7</integer>
                                    <key>DspFuncProcessingIndex</key>
                                    <integer>7</integer>
                                </dict>
                                <key>ParameterInfo</key>
                                <dict>
                                    <key>10</key>
                                    <integer>0</integer>
                                    <key>2</key>
                                    <integer>1044228513</integer>
                                    <key>15</key>
                                    <integer>0</integer>
                                    <key>3</key>
                                    <integer>1044228513</integer>
                                    <key>11</key>
                                    <integer>0</integer>
                                    <key>4</key>
                                    <integer>0</integer>
                                    <key>16</key>
                                    <integer>0</integer>
                                    <key>5</key>
                                    <integer>0</integer>
                                    <key>12</key>
                                    <integer>0</integer>
                                    <key>17</key>
                                    <integer>0</integer>
                                    <key>6</key>
                                    <integer>0</integer>
                                    <key>13</key>
                                    <integer>0</integer>
                                    <key>7</key>
                                    <integer>0</integer>
                                    <key>8</key>
                                    <integer>0</integer>
                                    <key>14</key>
                                    <integer>0</integer>
                                    <key>1</key>
                                    <integer>0</integer>
                                    <key>9</key>
                                    <integer>0</integer>
                                </dict>
                                <key>PatchbayInfo</key>
                                <dict>
                                    <key>InputPort0</key>
                                    <dict>
                                        <key>PortInstance</key>
                                        <integer>0</integer>
                                        <key>PortWidth</key>
                                        <integer>1</integer>
                                        <key>SourceFuncInstance</key>
                                        <integer>5</integer>
                                        <key>SourcePortIndex</key>
                                        <integer>0</integer>
                                    </dict>
                                    <key>InputPort1</key>
                                    <dict>
                                        <key>PortInstance</key>
                                        <integer>1</integer>
                                        <key>PortWidth</key>
                                        <integer>1</integer>
                                        <key>SourceFuncInstance</key>
                                        <integer>5</integer>
                                        <key>SourcePortIndex</key>
                                        <integer>1</integer>
                                    </dict>
                                    <key>InputPort2</key>
                                    <dict>
                                        <key>PortInstance</key>
                                        <integer>2</integer>
                                        <key>PortWidth</key>
                                        <integer>1</integer>
                                        <key>SourceFuncInstance</key>
                                        <integer>6</integer>
                                        <key>SourcePortIndex</key>
                                        <integer>0</integer>
                                    </dict>
                                    <key>InputPort3</key>
                                    <dict>
                                        <key>PortInstance</key>
                                        <integer>3</integer>
                                        <key>PortWidth</key>
                                        <integer>1</integer>
                                        <key>SourceFuncInstance</key>
                                        <integer>6</integer>
                                        <key>SourcePortIndex</key>
                                        <integer>1</integer>
                                    </dict>
                                </dict>
                            </dict>
                        </dict>
                    </dict>
                    <dict>
                        <key>SoftwareDSP</key>
                        <dict>
                            <key>DspFunction0</key>
                            <dict>
                                <key>FunctionInfo</key>
                                <dict>
                                    <key>DspFuncName</key>
                                    <string>DspLoudness</string>
                                    <key>DspFuncInstance</key>
                                    <integer>0</integer>
                                    <key>DspFuncProcessingIndex</key>
                                    <integer>0</integer>
                                </dict>
                                <key>ParameterInfo</key>
                                <dict>
                                    <key>10</key>
                                    <integer>1137180672</integer>
                                    <key>2</key>
                                    <integer>0</integer>
                                    <key>15</key>
                                    <integer>-1039743764</integer>
                                    <key>3</key>
                                    <integer>0</integer>
                                    <key>11</key>
                                    <integer>1155596288</integer>
                                    <key>4</key>
                                    <integer>0</integer>
                                    <key>16</key>
                                    <integer>-1051392235</integer>
                                    <key>5</key>
                                    <integer>0</integer>
                                    <key>12</key>
                                    <integer>1053609165</integer>
                                    <key>17</key>
                                    <integer>-1068418278</integer>
                                    <key>13</key>
                                    <integer>1053609165</integer>
                                    <key>14</key>
                                    <integer>-1049624576</integer>
                                    <key>1</key>
                                    <integer>0</integer>
                                </dict>
                                <key>PatchbayInfo</key>
                                <dict>
                                </dict>
                            </dict>
                            <key>DspFunction1</key>
                            <dict>
                                <key>FunctionInfo</key>
                                <dict>
                                    <key>DspFuncName</key>
                                    <string>Dsp2To4Splitter</string>
                                    <key>DspFuncInstance</key>
                                    <integer>1</integer>
                                    <key>DspFuncProcessingIndex</key>
                                    <integer>1</integer>
                                </dict>
                                <key>ParameterInfo</key>
                                <dict>
                                </dict>
                                <key>PatchbayInfo</key>
                                <dict>
                                    <key>InputPort0</key>
                                    <dict>
                                        <key>PortInstance</key>
                                        <integer>0</integer>
                                        <key>PortWidth</key>
                                        <integer>1</integer>
                                        <key>SourceFuncInstance</key>
                                        <integer>0</integer>
                                        <key>SourcePortIndex</key>
                                        <integer>0</integer>
                                    </dict>
                                    <key>InputPort1</key>
                                    <dict>
                                        <key>PortInstance</key>
                                        <integer>1</integer>
                                        <key>PortWidth</key>
                                        <integer>1</integer>
                                        <key>SourceFuncInstance</key>
                                        <integer>0</integer>
                                        <key>SourcePortIndex</key>
                                        <integer>1</integer>
                                    </dict>
                                </dict>
                            </dict>
                            <key>DspFunction2</key>
                            <dict>
                                <key>FunctionInfo</key>
                                <dict>
                                    <key>DspFuncName</key>
                                    <string>DspEqualization32</string>
                                    <key>DspFuncInstance</key>
                                    <integer>2</integer>
                                    <key>DspFuncProcessingIndex</key>
                                    <integer>2</integer>
                                </dict>
                                <key>ParameterInfo</key>
                                <dict>
                                    <key>1</key>
                                    <integer>0</integer>
                                    <key>9</key>
                                    <integer>0</integer>
                                    <key>Filter</key>
                                    <array>
                                        <dict>
                                            <key>2</key>
                                            <integer>0</integer>
                                            <key>3</key>
                                            <integer>0</integer>
                                            <key>4</key>
                                            <integer>0</integer>
                                            <key>5</key>
                                            <integer>1</integer>
                                            <key>6</key>
                                            <integer>1149870197</integer>
                                            <key>7</key>
                                            <integer>1065147973</integer>
                                            <key>8</key>
                                            <integer>-1109723768</integer>
                                        </dict>
                                        <dict>
                                            <key>2</key>
                                            <integer>1</integer>
                                            <key>3</key>
                                            <integer>0</integer>
                                            <key>4</key>
                                            <integer>0</integer>
                                            <key>5</key>
                                            <integer>1</integer>
                                            <key>6</key>
                                            <integer>1149870197</integer>
                                            <key>7</key>
                                            <integer>1065147973</integer>
                                            <key>8</key>
                                            <integer>-1109723768</integer>
                                        </dict>
                                    </array>
                                </dict>
                                <key>PatchbayInfo</key>
                                <dict>
                                    <key>InputPort0</key>
                                    <dict>
                                        <key>PortInstance</key>
                                        <integer>0</integer>
                                        <key>PortWidth</key>
                                        <integer>1</integer>
                                        <key>SourceFuncInstance</key>
                                        <integer>1</integer>
                                        <key>SourcePortIndex</key>
                                        <integer>0</integer>
                                    </dict>
                                    <key>InputPort1</key>
                                    <dict>
                                        <key>PortInstance</key>
                                        <integer>1</integer>
                                        <key>PortWidth</key>
                                        <integer>1</integer>
                                        <key>SourceFuncInstance</key>
                                        <integer>1</integer>
                                        <key>SourcePortIndex</key>
                                        <integer>1</integer>
                                    </dict>
                                </dict>
                            </dict>
                            <key>DspFunction3</key>
                            <dict>
                                <key>FunctionInfo</key>
                                <dict>
                                    <key>DspFuncName</key>
                                    <string>DspEqualization32</string>
                                    <key>DspFuncInstance</key>
                                    <integer>3</integer>
                                    <key>DspFuncProcessingIndex</key>
                                    <integer>3</integer>
                                </dict>
                                <key>ParameterInfo</key>
                                <dict>
                                    <key>1</key>
                                    <integer>0</integer>
                                    <key>9</key>
                                    <integer>0</integer>
                                    <key>Filter</key>
                                    <array>
                                        <dict>
                                            <key>2</key>
                                            <integer>0</integer>
                                            <key>3</key>
                                            <integer>0</integer>
                                            <key>4</key>
                                            <integer>0</integer>
                                            <key>5</key>
                                            <integer>1</integer>
                                            <key>6</key>
                                            <integer>1125508417</integer>
                                            <key>7</key>
                                            <integer>1060439283</integer>
                                            <key>8</key>
                                            <integer>-1069504319</integer>
                                        </dict>
                                        <dict>
                                            <key>2</key>
                                            <integer>1</integer>
                                            <key>3</key>
                                            <integer>0</integer>
                                            <key>4</key>
                                            <integer>0</integer>
                                            <key>5</key>
                                            <integer>1</integer>
                                            <key>6</key>
                                            <integer>1125508417</integer>
                                            <key>7</key>
                                            <integer>1060439283</integer>
                                            <key>8</key>
                                            <integer>-1069504319</integer>
                                        </dict>
                                    </array>
                                </dict>
                                <key>PatchbayInfo</key>
                                <dict>
                                    <key>InputPort0</key>
                                    <dict>
                                        <key>PortInstance</key>
                                        <integer>0</integer>
                                        <key>PortWidth</key>
                                        <integer>1</integer>
                                        <key>SourceFuncInstance</key>
                                        <integer>1</integer>
                                        <key>SourcePortIndex</key>
                                        <integer>2</integer>
                                    </dict>
                                    <key>InputPort1</key>
                                    <dict>
                                        <key>PortInstance</key>
                                        <integer>1</integer>
                                        <key>PortWidth</key>
                                        <integer>1</integer>
                                        <key>SourceFuncInstance</key>
                                        <integer>1</integer>
                                        <key>SourcePortIndex</key>
                                        <integer>3</integer>
                                    </dict>
                                </dict>
                            </dict>
                            <key>DspFunction4</key>
                            <dict>
                                <key>FunctionInfo</key>
                                <dict>
                                    <key>DspFuncName</key>
                                    <string>DspTempControl</string>
                                    <key>DspFuncInstance</key>
                                    <integer>4</integer>
                                    <key>DspFuncProcessingIndex</key>
                                    <integer>4</integer>
                                </dict>
                                <key>ParameterInfo</key>
                                <dict>
                                    <key>10</key>
                                    <integer>1</integer>
                                    <key>2</key>
                                    <integer>1123024896</integer>
                                    <key>15</key>
                                    <integer>1120403456</integer>
                                    <key>3</key>
                                    <integer>1053374284</integer>
                                    <key>11</key>
                                    <integer>1073741824</integer>
                                    <key>4</key>
                                    <integer>1041865114</integer>
                                    <key>16</key>
                                    <integer>1073741824</integer>
                                    <key>5</key>
                                    <integer>0</integer>
                                    <key>12</key>
                                    <integer>1036831949</integer>
                                    <key>17</key>
                                    <integer>0</integer>
                                    <key>6</key>
                                    <integer>1103626240</integer>
                                    <key>13</key>
                                    <integer>0</integer>
                                    <key>7</key>
                                    <integer>1077516698</integer>
                                    <key>8</key>
                                    <integer>1109393408</integer>
                                    <key>14</key>
                                    <integer>1065353216</integer>
                                    <key>1</key>
                                    <integer>0</integer>
                                    <key>9</key>
                                    <integer>-1041235968</integer>
									<key>18</key>
									<integer>1148846080</integer>
                                </dict>
                                <key>PatchbayInfo</key>
                                <dict>
                                    <key>InputPort0</key>
                                    <dict>
                                        <key>PortInstance</key>
                                        <integer>0</integer>
                                        <key>PortWidth</key>
                                        <integer>1</integer>
                                        <key>SourceFuncInstance</key>
                                        <integer>3</integer>
                                        <key>SourcePortIndex</key>
                                        <integer>0</integer>
                                    </dict>
                                    <key>InputPort1</key>
                                    <dict>
                                        <key>PortInstance</key>
                                        <integer>1</integer>
                                        <key>PortWidth</key>
                                        <integer>1</integer>
                                        <key>SourceFuncInstance</key>
                                        <integer>3</integer>
                                        <key>SourcePortIndex</key>
                                        <integer>1</integer>
                                    </dict>
                                </dict>
                            </dict>
                            <key>DspFunction5</key>
                            <dict>
                                <key>FunctionInfo</key>
                                <dict>
                                    <key>DspFuncName</key>
                                    <string>DspSplineLimiter</string>
                                    <key>DspFuncInstance</key>
                                    <integer>5</integer>
                                    <key>DspFuncProcessingIndex</key>
                                    <integer>5</integer>
                                </dict>
                                <key>ParameterInfo</key>
                                <dict>
                                    <key>7</key>
                                    <integer>1056964608</integer>
                                    <key>3</key>
                                    <integer>1010311411</integer>
                                    <key>4</key>
                                    <integer>1027595262</integer>
                                    <key>5</key>
                                    <integer>0</integer>
                                    <key>1</key>
                                    <integer>0</integer>
                                    <key>6</key>
                                    <integer>1092616192</integer>
                                    <key>2</key>
                                    <integer>0</integer>
                                </dict>
                                <key>PatchbayInfo</key>
                                <dict>
                                    <key>InputPort0</key>
                                    <dict>
                                        <key>PortInstance</key>
                                        <integer>0</integer>
                                        <key>PortWidth</key>
                                        <integer>1</integer>
                                        <key>SourceFuncInstance</key>
                                        <integer>2</integer>
                                        <key>SourcePortIndex</key>
                                        <integer>0</integer>
                                    </dict>
                                    <key>InputPort1</key>
                                    <dict>
                                        <key>PortInstance</key>
                                        <integer>1</integer>
                                        <key>PortWidth</key>
                                        <integer>1</integer>
                                        <key>SourceFuncInstance</key>
                                        <integer>2</integer>
                                        <key>SourcePortIndex</key>
                                        <integer>1</integer>
                                    </dict>
                                </dict>
                            </dict>
                            <key>DspFunction6</key>
                            <dict>
                                <key>FunctionInfo</key>
                                <dict>
                                    <key>DspFuncName</key>
                                    <string>DspSplineLimiter</string>
                                    <key>DspFuncInstance</key>
                                    <integer>6</integer>
                                    <key>DspFuncProcessingIndex</key>
                                    <integer>6</integer>
                                </dict>
                                <key>ParameterInfo</key>
                                <dict>
                                    <key>7</key>
                                    <integer>1056964608</integer>
                                    <key>3</key>
                                    <integer>1010311411</integer>
                                    <key>4</key>
                                    <integer>1027595262</integer>
                                    <key>5</key>
                                    <integer>0</integer>
                                    <key>1</key>
                                    <integer>0</integer>
                                    <key>6</key>
                                    <integer>1092616192</integer>
                                    <key>2</key>
                                    <integer>0</integer>
                                </dict>
                                <key>PatchbayInfo</key>
                                <dict>
                                    <key>InputPort0</key>
                                    <dict>
                                        <key>PortInstance</key>
                                        <integer>0</integer>
                                        <key>PortWidth</key>
                                        <integer>1</integer>
                                        <key>SourceFuncInstance</key>
                                        <integer>4</integer>
                                        <key>SourcePortIndex</key>
                                        <integer>0</integer>
                                    </dict>
                                    <key>InputPort1</key>
                                    <dict>
                                        <key>PortInstance</key>
                                        <integer>1</integer>
                                        <key>PortWidth</key>
                                        <integer>1</integer>
                                        <key>SourceFuncInstance</key>
                                        <integer>4</integer>
                                        <key>SourcePortIndex</key>
                                        <integer>1</integer>
                                    </dict>
                                </dict>
                            </dict>
                            <key>DspFunction7</key>
                            <dict>
                                <key>FunctionInfo</key>
                                <dict>
                                    <key>DspFuncName</key>
                                    <string>Dsp4ChOutput</string>
                                    <key>DspFuncInstance</key>
                                    <integer>7</integer>
                                    <key>DspFuncProcessingIndex</key>
                                    <integer>7</integer>
                                </dict>
                                <key>ParameterInfo</key>
                                <dict>
                                    <key>10</key>
                                    <integer>0</integer>
                                    <key>2</key>
                                    <integer>1044228513</integer>
                                    <key>15</key>
                                    <integer>0</integer>
                                    <key>3</key>
                                    <integer>1044228513</integer>
                                    <key>11</key>
                                    <integer>0</integer>
                                    <key>4</key>
                                    <integer>0</integer>
                                    <key>16</key>
                                    <integer>0</integer>
                                    <key>5</key>
                                    <integer>0</integer>
                                    <key>12</key>
                                    <integer>0</integer>
                                    <key>17</key>
                                    <integer>0</integer>
                                    <key>6</key>
                                    <integer>0</integer>
                                    <key>13</key>
                                    <integer>0</integer>
                                    <key>7</key>
                                    <integer>0</integer>
                                    <key>8</key>
                                    <integer>0</integer>
                                    <key>14</key>
                                    <integer>0</integer>
                                    <key>1</key>
                                    <integer>0</integer>
                                    <key>9</key>
                                    <integer>0</integer>
                                </dict>
                                <key>PatchbayInfo</key>
                                <dict>
                                    <key>InputPort0</key>
                                    <dict>
                                        <key>PortInstance</key>
                                        <integer>0</integer>
                                        <key>PortWidth</key>
                                        <integer>1</integer>
                                        <key>SourceFuncInstance</key>
                                        <integer>5</integer>
                                        <key>SourcePortIndex</key>
                                        <integer>0</integer>
                                    </dict>
                                    <key>InputPort1</key>
                                    <dict>
                                        <key>PortInstance</key>
                                        <integer>1</integer>
                                        <key>PortWidth</key>
                                        <integer>1</integer>
                                        <key>SourceFuncInstance</key>
                                        <integer>5</integer>
                                        <key>SourcePortIndex</key>
                                        <integer>1</integer>
                                    </dict>
                                    <key>InputPort2</key>
                                    <dict>
                                        <key>PortInstance</key>
                                        <integer>2</integer>
                                        <key>PortWidth</key>
                                        <integer>1</integer>
                                        <key>SourceFuncInstance</key>
                                        <integer>6</integer>
                                        <key>SourcePortIndex</key>
                                        <integer>0</integer>
                                    </dict>
                                    <key>InputPort3</key>
                                    <dict>
                                        <key>PortInstance</key>
                                        <integer>3</integer>
                                        <key>PortWidth</key>
                                        <integer>1</integer>
                                        <key>SourceFuncInstance</key>
                                        <integer>6</integer>
                                        <key>SourcePortIndex</key>
                                        <integer>1</integer>
                                    </dict>
                                </dict>
                            </dict>
                        </dict>
                    </dict>
                </array>
			</dict>
            <key>Mic</key>
            <dict>
                <key>SignalProcessing</key>
                <dict>
                    <key>SoftwareDSP</key>
                    <dict>
                        <key>DspFunction0</key>
                        <dict>
                            <key>FunctionInfo</key>
                            <dict>
                                <key>DspFuncName</key>
                                <string>DspB2</string>
                                <key>DspFuncInstance</key>
                                <integer>0</integer>
                                <key>DspFuncProcessingIndex</key>
                                <integer>0</integer>
                            </dict>
                            <key>ParameterInfo</key>
                            <dict>
                                <key>3</key> <!-- BeamformMode -->
                                <integer>1056964608</integer>  <!-- 0.500000 -->
                                <key>1</key> <!-- Bypass -->
                                <integer>1</integer>
                                <key>8</key> <!-- OmniMode -->
                                <integer>1</integer>
                                <key>2</key> <!-- Adaptations -->
                                <integer>1</integer>
                                <key>7</key> <!-- BeamformMode -->
                                <integer>3</integer>
                                <key>9</key> <!-- MicSpacing -->
                                <integer>18</integer>
                            </dict>
                            <key>PatchbayInfo</key>
                            <dict>
                            </dict>
                        </dict>
                        <key>DspFunction1</key>
                        <dict>
                            <key>FunctionInfo</key>
                            <dict>
                                <key>DspFuncName</key>
                                <string>DspAECGainAdjustStage</string>
                                <key>DspFuncInstance</key>
                                <integer>1</integer>
                                <key>DspFuncProcessingIndex</key>
                                <integer>1</integer>
                            </dict>
                            <key>ParameterInfo</key>
                            <dict>
                                <key>3</key> <!-- PGAsetting -->
                                <integer>0</integer>  <!-- 0.000000 -->
                                <key>1</key> <!-- Bypass -->
                                <integer>0</integer>
                                <key>4</key> <!-- Reported -->
                                <integer>0</integer>  <!-- 0.000000 -->
                                <key>2</key> <!-- PostProcessingGain -->
                                <integer>1091567616</integer>  <!-- 9.000000 -->
                                <key>5</key> <!-- Pad -->
                                <integer>3</integer>
                            </dict>
                            <key>PatchbayInfo</key>
                            <dict>
                                <key>InputPort0</key>
                                <dict>
                                    <key>PortInstance</key>
                                    <integer>0</integer>
                                    <key>PortWidth</key>
                                    <integer>1</integer>
                                    <key>SourceFuncInstance</key>
                                    <integer>0</integer>
                                    <key>SourcePortIndex</key>
                                    <integer>0</integer>
                                </dict>
                                <key>InputPort1</key>
                                <dict>
                                    <key>PortInstance</key>
                                    <integer>1</integer>
                                    <key>PortWidth</key>
                                    <integer>1</integer>
                                    <key>SourceFuncInstance</key>
                                    <integer>0</integer>
                                    <key>SourcePortIndex</key>
                                    <integer>1</integer>
                                </dict>
                            </dict>
                        </dict>
                    </dict>
                </dict>
			</dict>			
			<key>Outputs</key>
			<array>
				<string>IntSpeaker</string>
				<string>Headphone</string>
                <string>SPDIFOut</string>				
			</array>
			<key>PathMapID</key>
			<integer>55</integer>
            <key>SPDIFOut</key>
            <dict/>			
		</dict>
	</array>
</dict>
